time,title,news_url,image,content,description,how_long_ago
2025-08-04 17:20:16.340439,快訊／大雷雨轟1縣市　5縣市豪大雨特報,https://www.ettoday.net/news/20250804/3008531.htm,https://cdn2.ettoday.net/images/8338/8338584.gif,"
記者陳俊宏／台北報導
5縣市豪大雨特報！中央氣象署今天8時25分，對澎湖縣發布大雷雨即時訊息，持續時間至9時30分，請慎防劇烈降雨、雷擊、9級以上強陣風，低窪地區慎防淹水，以及低能見度。
豪雨特報：高雄市、屏東縣
大雨特報：台南市、澎湖縣、金門縣
氣象署也發布豪大雨特報，西南風影響，易有短延時強降雨，今日高雄市山區、屏東縣山區有局部大雨或豪雨，澎湖、金門、高雄、屏東、台南山區有局部大雨發生的機率，請注意雷擊及強陣風，低窪地區留意積淹水。
氣象署說，今日西南氣流減弱，降雨將逐漸趨緩且雨停空檔增加，不過在大環境偏西南風影響下，苗栗以南仍有短暫陣雨或雷雨，並有局部大雨或短延時豪雨機率，其他地區大多為多雲的天氣，清晨新竹以北有零星短暫陣雨或雷雨；午後新竹以北、東半部有局部短暫雷陣雨，大台北及北部、宜蘭山區午後降雨機率高，容易出現局部大雨。
","中央氣象署針對五縣市發布豪大雨特報，高雄、屏東有局部豪雨，台南、澎湖、金門則有大雨。
澎湖縣今早發布大雷雨即時訊息，提醒民眾防範劇烈降雨、雷擊與強陣風。
受西南風影響，高雄及屏東山區易有局部大雨或豪雨，低窪地區需留意積淹水。
西南氣流逐漸減弱，降雨將趨緩，但苗栗以南仍有局部陣雨或雷雨及大雨機率。
午後新竹以北、東半部有局部雷陣雨，大台北及北部、宜蘭山區午後降雨機率較高。",8小時前
2025-08-04 17:20:09.760626,李遠哲夫人吳錦麗過世！享耆壽90歲　已火化不辦追思會,https://www.ettoday.net/news/20250804/3008556.htm,https://cdn2.ettoday.net/images/6596/d6596245.jpg,"
▲中研院前院長李遠哲的妻子吳錦麗胰臟癌過世。（資料圖／記者林悅翻攝）
文／中央社
中央研究院前院長李遠哲博士的夫人吳錦麗女士已於7月12日以90之齡過世。李府親友依吳錦麗女士生前交代，後事一切從簡，已於8月3日火化。不辦追思會。
吳錦麗女士是李院長的小學同學，端莊嫻淑。1962年陪伴李遠哲赴美攻讀博士學位，1986年李遠哲獲得諾貝爾化學獎。期間，吳女士負責教養二子一女以群、以欣、以旋。1994年陪伴李遠哲返國出任中央研究院院長。夫婦鶼鰈情深。
吳女士一年半前發現患胰臟癌，雖經醫院和家人細心照護，最後仍羽化升仙。
據與李府來往密切人士透露，1996年前總統李登輝曾邀李遠哲出任行政院長，2000年前總統陳水扁曾邀李遠哲搭檔競選總統，陳水扁副之，皆因吳錦麗女士希望李遠哲遠離政治是非而未成為事實。
","中研院前院長李遠哲的妻子吳錦麗女士，已於7月12日以90歲高齡辭世。
她因胰臟癌病逝，後事遵照生前遺願已從簡火化。
吳錦麗女士是李遠哲的小學同學，一路陪伴他赴美求學並支持其學術生涯。
她在家中照護子女，夫妻倆鶼鰈情深。
據悉吳錦麗曾勸退李遠哲遠離政壇，使其婉拒閣揆與副總統的邀約。",7小時前
2025-08-04 17:19:48.531736,李遠哲夫人吳錦麗過世！享耆壽90歲　已火化不辦追思會,https://www.ettoday.net/news/20250804/3008556.htm,https://cdn2.ettoday.net/images/6596/d6596245.jpg,"
▲中研院前院長李遠哲的妻子吳錦麗胰臟癌過世。（資料圖／記者林悅翻攝）
文／中央社
中央研究院前院長李遠哲博士的夫人吳錦麗女士已於7月12日以90之齡過世。李府親友依吳錦麗女士生前交代，後事一切從簡，已於8月3日火化。不辦追思會。
吳錦麗女士是李院長的小學同學，端莊嫻淑。1962年陪伴李遠哲赴美攻讀博士學位，1986年李遠哲獲得諾貝爾化學獎。期間，吳女士負責教養二子一女以群、以欣、以旋。1994年陪伴李遠哲返國出任中央研究院院長。夫婦鶼鰈情深。
吳女士一年半前發現患胰臟癌，雖經醫院和家人細心照護，最後仍羽化升仙。
據與李府來往密切人士透露，1996年前總統李登輝曾邀李遠哲出任行政院長，2000年前總統陳水扁曾邀李遠哲搭檔競選總統，陳水扁副之，皆因吳錦麗女士希望李遠哲遠離政治是非而未成為事實。
","中研院前院長李遠哲的夫人吳錦麗女士，已於7月12日以90歲高齡辭世。
她一年半前發現罹患胰臟癌，雖經細心照護仍不敵病魔。
李府親友遵照吳錦麗女士生前遺願，後事一切從簡，已於8月3日火化且不辦追思會。
吳錦麗是李遠哲的小學同學，一路相伴夫婿學術生涯，並養育子女。
據悉她曾勸退李遠哲參與政治，使其遠離政壇紛擾。",7小時前
2025-08-04 17:19:27.321751,新竹甕窯雞名店爆「烤雞掉地再撿回」！店家急澄清：未流入餐桌,https://www.ettoday.net/news/20250804/3008549.htm,https://cdn2.ettoday.net/images/8338/d8338605.jpg,"
▲烤雞落地瞬間被路人拍下，引發網路衛生爭議聲浪，店家發布聲明致歉，強調掉落地面的烤雞已全部丟棄於廚餘桶中。（圖／翻攝自《新竹大小事》、店家臉書）
圖文／CTWANT
新竹縣芎林交流道附近一間知名甕窯雞店，近日遭民眾拍下疑似違反食品衛生的畫面，引發熱議。事件源於一段網友拍攝的影片，畫面中可見員工推車途中不慎打翻數隻甕窯雞，雞隻掉落地面後，員工竟將其撿起並與其他雞隻混放於籃中，繼續送往廚房處理。面對爭議，業者隨即於官方臉書發表聲明致歉，強調，落地雞隻已全數丟棄於廚餘桶，絕無提供給顧客食用，並附上現場照片佐證。
根據業者說明，事件發生於8月2日傍晚，當時員工在搬運半成品烤雞時不慎打翻。業者並指出，落地雞隻已全數丟棄於廚餘桶，絕無提供給顧客食用，並附上照片佐證，也者最後也表示會加強員工教育訓練，避免類似事件再度發生。
另外，還有熟識店家的民眾也出面稱，平時每日會到店內領取廚餘烤雞餵養流浪犬，當日也有領取該批雞隻，起初還詢問店家「怎麼這麼浪費」，後來得知是因雞隻落地，為維護食安而全數報廢。他強調這是店家一貫做法，並未回收或讓顧客誤食。
這起事件源於一段網友拍攝的影片，原PO表示，與家人剛用餐完畢，在一旁便利商店休息時，目睹此情況並直言「衛生真的有點噁心」，更擔心烤雞會被「回收再利用」，遂拍照上傳提醒民眾注意。
相關影像在臉書社團《新竹大小事》曝光後，迅速引發關注與質疑。許多網友留言表示不敢再消費，也有民眾反諷「這就是在地美食」。如今業者做出回應與補救，藉此挽回顧客信任與品牌形象。
","新竹一家知名甕窯雞店日前被拍到員工打翻烤雞後撿起，引發網路食品衛生爭議。
影片曝光後迅速引發熱議，許多網友擔憂烤雞可能被回收再利用。
店家隨後發布聲明致歉，強調所有掉落地面的烤雞都已丟棄於廚餘桶，絕無提供給顧客。
業者並附上照片佐證，承諾將加強員工教育訓練，以維護食品安全。
有民眾也出面證實店家將落地雞隻報廢為廚餘，並非回收給顧客食用。",7小時前
2025-08-04 17:19:06.871789,「護照蓋滿2頁」不倒翁紀念章　被拒絕出境！她傻眼：之前都可以,https://www.ettoday.net/news/20250804/3008561.htm,https://cdn2.ettoday.net/images/6762/d6762099.jpg,"
▲護照代表旅客出國的身分證件，依據規定禁止擅自塗改、蓋章。（圖／資料照）
記者施怡妏／綜合報導
護照是出國時的通行證，除了隨身攜帶外，也要注意不要留下髒汙或是毀損，一名女網友表示，過去多次前往日本旅遊，看到可愛的不倒翁印章，想留作紀念，於是在護照上蓋了滿滿兩頁，然而，近日從台灣出境時，被地勤人員攔下，以「護照汙損」為由拒絕登機，讓她當場錯愕。
女網友在Threads發文，看到其他人蓋了日本不倒翁紀念印章，也跟著在護照內蓋上紀念章，兩頁幾乎蓋滿，前幾次出國都未遇到問題，沒想到這次在台灣機場辦理登機時，被地勤發現護照內有自蓋章戳，並詢問「這章是妳自己蓋的嗎？」她如實回答後，地勤表示須進一步確認。
幾分鐘後，地勤回覆「無法登機」，要他去外交部辦理。女網友相當錯愕與著急，「幾個意思啦！我都飛幾趟了，這趟不能飛？」當天剛好遇到周五，即便申請急件也要等到周一才能拿到新護照，「我的機票白費了。」
女網友向地勤人員解釋，印章只是紀念用，並不理解為何因此被禁止出境。地勤反問「妳會在身分證上蓋章嗎？」讓她感到無奈且不滿，「身分證是紙嗎？蓋屁阿！」她還抱怨護照換發速度太慢，整個流程令人失望。最後，她也提醒大家，護照千萬不要隨意塗鴉或蓋章，以免影響旅行計畫。
",一名女子因在護照上蓋滿日本紀念章，於台灣出境時遭地勤人員以護照汙損為由拒絕登機。她對此感到錯愕不解，因過去幾次出國並未遇到問題。地勤解釋護照如同身分證，不得擅自塗改蓋章，導致她行程受阻。女子因此浪費機票，且因週五被拒登機，急件換發護照需等到下週一。她藉此提醒民眾，切勿在護照上隨意塗鴉或蓋章，以免影響旅行計畫。,6小時前
2025-08-04 17:18:46.484492,肥厚雷雨帶　粉專示警：台灣在「強風軸邊緣」3地容易陣陣大雨,https://www.ettoday.net/news/20250804/3008600.htm,https://cdn2.ettoday.net/images/8338/8338658.jpg,"
▲粉專指出，有肥厚的強烈雷雨帶。（圖／取自「台灣颱風論壇｜天氣特急」粉專）
生活中心／綜合報導
根據氣象署預報，今日西南氣流減弱，降雨將逐漸趨緩且雨停的空檔增加，不過在大環境偏西南風影響下，苗栗以南地區仍有短暫陣雨或雷雨，並有局部大雨或短延時豪雨發生的機率，其他地區大多為多雲的天氣，午後新竹以北及東半部有局部短暫雷陣雨，大台北地區及北部、宜蘭山區午後降雨機率高。
▲氣象署針對澎湖發布大雷雨即時訊息 。（圖／氣象署提供）
「台灣颱風論壇｜天氣特急」發文指出，西南氣流已經移到中國華南沿海及台灣海峽，發展出一條肥厚的強烈雷雨帶，台灣目前仍位於強風軸邊緣，今天中、南部、澎湖容易一陣陣大雨，天氣非常不穩定，出門記得帶雨具。
氣象署上午已針對高雄市、屏東縣以及台南市、澎湖縣、金門縣共5縣市發布豪大雨特報，也持續針對澎湖發布大雷雨即時訊息，慎防劇烈降雨、雷擊、9級以上強陣風，低窪地區慎防淹水，以及低能見度。
",氣象署預報，西南氣流減弱，今日降雨將逐漸趨緩。但苗栗以南地區仍有局部大雨或短延時豪雨發生機率。其他地區多雲，午後新竹以北及東半部有局部短暫雷陣雨。台灣颱風論壇指出，強烈雷雨帶在中國華南及台灣海峽發展，中南部及澎湖天氣不穩定。氣象署持續對高屏、台南、澎湖、金門發布豪大雨特報，並針對澎湖發布大雷雨即時訊息。,6小時前
2025-08-04 17:18:25.927119,明明缺人！「一堆人找不到工作」全場吵翻　苦主嘆：鄉下28K都碰壁,https://www.ettoday.net/news/20250804/3008602.htm,https://cdn2.ettoday.net/images/4072/d4072277.jpg,"
網搜小組／劉維榛報導
「為什麼大家都說找不到工作？」一名女網友質疑，明明許多公司都在徵才，為何還是一堆人喊失業？她認為可能是職缺不合喜好，不願意將就，導致待業時間更久。文章引發兩派論戰，有人喊「薪水太低才不做」，也有人抱怨「有投履歷但沒回音」，甚至在鄉下找一份28K薪水工作都碰壁。
一名女網友在Dcard表示，看到有不少人上網發文哀號找不到工作，但她實際觀察卻不太一樣，像他們公司業務部門一直都有在招人，「但為什麼還是一堆人喊找不到工作？」
原PO進一步發問，是不是大家都卡在「這份工作不是我喜歡的」，所以乾脆選擇不做？但這樣的觀望與挑剔，會不會反而陷入惡性循環，最後落得越來越難進入職場的窘境。
文章一出，一派網友紛紛狠批，「大家都找4萬以上的工作，再來就是地點偏遠的話，年輕人不去」、「工作內容跟薪水不成正比！除非真的沒錢才會將就，不然還是先躺平一陣子」、「開4萬以下的請不到人活該餒，薪資開的低要求又那麼多」、「不當奴隸錯了嗎」。
但也有另一派網友直指，現實比想像中還要殘酷，「是真的蠻難找的，我有投很多薪水只有3萬的都沒有下文」、「這是真的，我投了兩個月，連行政工作都投，也沒收到面試電話，唯一有一通就是業務的面試電話...找工作真的也是看運氣」、「在鄉下完全找不到工作，只有28K作業員去面試後，公司還很挑說需要有經驗的人」、「前陣子裸辭，真的覺得好難找到滿意的」、「我覺得看產業，我投旅行社業務，所有大公司以及中型公司都投了一輪，完全沒有下文，而且我期望薪資才開3萬初...我都快瘋了」。
還有網友試著理性分析原因，「覺得跟願不願意吃苦、對金錢積極度有差！我公司的行政職薪水比一般業界給的高，但就是要不定期加班（有加班費），上班時間不能用手機（其實忙到也沒時間用手機），我問朋友們有沒有興趣跳槽，居然沒人心動，覺得不夠自由、沒有工作與生活平衡，可能每個人對於金錢需求不太一樣？可能我待久習慣了」。
",一名女網友質疑為何許多人抱怨找不到工作，明明企業持續徵才，她認為可能是求職者過於挑剔。此番言論引發熱議，有網友認同是因薪資普遍偏低或工作內容不符期望，求職者不願將就。另一派網友則駁斥，表示現實中找工作確實困難，即便投遞低薪職位也常石沉大海。他們指出，即使是行政或鄉下28K的作業員職位，也可能面臨無回音或被挑剔的情形。也有人分析，這可能關乎個人對吃苦的意願、金錢需求及工作自由度的不同考量。,6小時前
2025-08-04 17:18:04.851637,研究證實「每天多站起來26次」　3個月血壓明顯下降,https://health.ettoday.net/news/3008594,https://cdn2.ettoday.net/images/6166/d6166545.jpg,"
▲研究指出，每天多做坐、站轉換，有助降血壓。（圖／pexels）
記者趙于婷／台北報導
張家銘指出，來自一項2025年發表在《循環》（Circulation）醫學期刊的臨床研究，該研究找了407位停經後的女性，做三個月的行為改變實驗，一組照常生活、一組減少久坐時間、另一組則被鼓勵「多站起來」，也就是增加每天的坐、站轉換次數（sit-to-stand transitions, STST）。
結果發現，每天只要多站起來26次，三個月內就能讓舒張壓平均下降2.24 mmHg，收縮壓下降3.33 mmHg。張家銘說每次從坐姿站起來，腿部肌肉會短暫用力，促進血液循環，讓血流在血管內產生一種良性的摩擦力，稱為「剪切力」（shear stress）。這種壓力能刺激血管內皮細胞釋放一氧化氮（nitric oxide），幫助血管擴張、減少發炎，維持彈性與功能。
張家銘直言，平均下降的血壓數字好像沒有很驚人，但其實這些變化不是靠藥物，也不是靠大幅度運動，而是靠一點點生活中的改變，因為大家都知道運動對血壓好，可現實是很多人做不到每天運動30分鐘，尤其上了年紀、有關節不舒服或只是單純真的太忙。
他提醒，在診間常遇到停經後的女性朋友，生活也沒什麼特別變化，吃得也算清淡，偶爾還是有運動，但健康檢查報告的血壓就是一年比一年高，其實這是身體默默在「轉換體質」，停經後雌激素減少，原本保護血管彈性的那把「隱形雨傘」收起來了，血管開始慢慢變硬、反應變慢，像一條彈性變差的水管，壓力一上來，就容易堵、容易破。
張家銘強調，對停經後少了雌激素保護的女性來說，這樣頻繁的小動作，就是一種自然且有效的血管保養方式，能幫助穩定血壓、延緩血管老化。
","最新研究指出，增加日常坐站轉換次數有助於降低血壓。
一項針對停經後女性的臨床實驗顯示，每天多站立26次，三個月內可顯著降低收縮壓和舒張壓。
這是因為站立時腿部肌肉用力，促進血液循環，並在血管內產生「剪切力」。
這種剪切力能刺激血管內皮細胞釋放一氧化氮，進而擴張血管、維持彈性並減少發炎。
對停經後女性而言，此簡單動作是一種自然有效的血管保養方式，有助於穩定血壓。",6小時前
2025-08-04 17:17:44.626598,大稻埕煙火8/6登場「雙北交管懶人包」　10時起周邊停車格取消,https://travel.ettoday.net/article/3008601.htm,https://cdn2.ettoday.net/images/7793/d7793667.jpg,"
記者彭懷玉／綜合報導
一年一度「大稻埕夏日節」自8月6日起登場，連續三周於每周三（8/6、8/13、8/20）晚上8點在大稻埕碼頭施放300秒主題煙火，8月30日則有壓軸480秒煙火秀。為因應疏通人潮與交通安全，台北市、新北市將同步實施多項交通及人流管制措施，請民眾多加留意。
觀傳局呼籲，每週三晚間煙火施放預期吸引大批人潮，除會於大稻埕碼頭周邊加派人力協助疏導，也透過CMS（停車資訊電子看板）進行遠距提醒。請民眾搭乘捷運至北門站、大橋頭站或雙連站下車，沿途可先至迪化商圈採購伴手禮或享用晚餐，再步行至大稻埕碼頭欣賞煙火及河岸夜景。
考量活動當天行車秩序及民眾用路安全，忠孝橋及台北橋（含自行車牽引道）於晚上7點30分至9點止，管制自行車及行人通行，避免橋上聚集人潮；另忠孝碼頭越堤道及堤外停車場（含月票車輛），8月6日、13日、20日管制時間為下午4點至9點30分止，禁止車輛進出；8月30日管制時間為下午2點至9點30分，禁止車輛進出。
▲2025大稻埕煙火8/6-30登場「雙北交管懶人包」。（表／記者彭懷玉製）
","「大稻埕夏日節」將於8月6日至30日登場，精彩煙火秀不容錯過。
活動期間每週三晚間八點施放300秒主題煙火，8月30日則有480秒壓軸。
為疏導人潮與交通，雙北將同步實施多項交通與人流管制措施。
忠孝橋、台北橋及碼頭越堤道將分時段限制車輛與行人通行。
觀傳局呼籲民眾搭乘捷運前往，共同維護現場秩序與安全。",6小時前
2025-08-04 17:17:22.294586,網傳軌道橋樑疑出現裂痕　高鐵公司澄清為「雨後水痕」,https://www.ettoday.net/news/20250804/3008605.htm,https://cdn2.ettoday.net/images/8338/8338681.jpg,"
▲高鐵澄清，高鐵橋樑疑似裂痕其實是水痕。（圖／高鐵公司提供）。※點圖放大
記者周湘芸／台北報導
有網友今於社群媒體PO文指出，台中市西屯區福安橋附近的高鐵橋樑疑似出現裂痕，引發不少民眾恐慌。對此，台灣高鐵公司澄清，是近日下雨產生的水痕，高鐵結構安全無虞。
有民眾今於社群媒體Threads表示，台中西屯區附近的高鐵橋樑疑似出現裂痕，已通報高鐵公司。
高鐵公司表示，針對今天社群媒體指高鐵橋樑疑似出現裂痕，經確認為近日下雨產生水痕，純屬降雨過後正常現象，高鐵結構安全無虞，旅客可安心搭乘，盼網友於未經查證前，切勿散布不實言論，造成旅客與社會大眾恐慌。
高鐵公司強調，針對全線橋樑機構與土建設施，均進行定期巡檢，確保設施安全，高鐵全線並設置「災害告警系統」（DWS），可隨時監控各項災害對營運安全影響，確保旅客安全。
▲▼高鐵澄清，高鐵橋樑疑似裂痕其實是水痕。（圖／高鐵公司提供）※點圖放大
",有網友在社群媒體指出，台中高鐵橋樑疑似出現裂痕，引發民眾恐慌。台灣高鐵公司對此澄清，該處並非裂痕，而是近期下雨造成的水痕。高鐵強調橋樑結構安全無虞，旅客可安心搭乘。公司呼籲網友勿散布未經查證的不實言論。高鐵平時會定期巡檢橋樑，並設有災害告警系統確保安全。,6小時前
2025-08-04 17:17:02.091669,日本旅遊刷卡「選台幣或日圓」？林氏璧曝關鍵：選錯秒噴高手續費,https://www.ettoday.net/news/20250804/3008590.htm,https://cdn2.ettoday.net/images/8338/d8338642.jpg,"
▲不少人到日本旅遊都會刷卡購物。（示意圖／Pexels）
圖文／CTWANT
日本旅遊達人林氏璧近日發文指出，日本唐吉訶德更新刷卡機，可選要用台幣還是日幣結帳，如果選台幣，手續費4.98％，比用日圓結帳多付超過500元，還沒有海外刷卡回饋，提醒大家「去日本刷卡請選用日幣結帳！不要選台幣。」
林氏璧在臉書發文，他在北海道唐吉訶德看到的刷卡機更新，店員問要用台幣還是日幣計算，「新的機型有個好處是，在畫面上會直接告訴你如果選台幣付款的話會用多少匯率計算，還有收多少手續費。這裡顯示的動態貨幣轉換（DCC）手續費是高達4.98%，匯率相當於0.21146。除以1.0498後是0.2014，這大概才是當天的即期匯率。以我這個金額5萬日幣來看，大概多了500台幣左右。」
林氏璧指出，日本唐吉訶德一些外國人多的分店，會宣傳「DCC（動態貨幣轉換，Dynamic currency conversion）」的廣告，寫著「當日匯率即時結算，無須額外外匯手續費。所見即所付」，但收比國際發卡組織更高的手續費，這次他看到4.98%的手續費。
林氏璧指出，如果常去香港或是歐洲國家，刷卡時店員會問「要不要用新台幣結帳」，滿多人會以為台幣划算，或是沒多想就按國旗選台幣，「但仔細研究帳單後才發現匯率貴得離譜。」
",日本唐吉訶德刷卡機更新，提供台幣或日幣結帳選項。旅遊達人林氏璧提醒，選擇台幣付款將被收取高達4.98%的動態貨幣轉換（DCC）手續費。此舉導致消費者需多付約500元台幣，並失去海外刷卡回饋。林氏璧指出，這是常見的匯率陷阱，看似方便卻隱藏高額費用。因此，赴日刷卡時務必選擇日幣結帳，以避免不必要的損失。,6小時前
2025-08-04 17:16:41.993934,超商周一咖啡優惠！7-11、萊爾富買1送1　全家2杯55折起,https://www.ettoday.net/news/20250804/3008593.htm,https://cdn2.ettoday.net/images/8227/d8227538.jpg,"
▲7-11周一限定指定咖啡「兩杯99元」，還有LINE電子票券買1送1。（圖／記者林育綾攝）
記者林育綾／綜合報導
周一來杯咖啡提神，各大超商紛紛推出優惠！全家「周一咖啡日」推出大杯特濃美式、拿鐵和單品美式、拿鐵「兩杯55折起」，等於加10元多一杯。7-11在「LINE禮物」冰精品美式、多項茶飲「買1送1」。萊爾富也有大杯特濃美式與拿鐵、中杯拾利抹茶歐蕾、特大四季春茶、紅玉紅茶等「買1送1」。
★7-ELEVEN
●LINE禮物電子票券
●周一咖啡日
7-11推出新一波「周一咖啡日」優惠，在門市、OPENPOINT APP同步「兩杯99元」，等於最低55折起，包括：
▲全家咖啡兩杯55折起。（圖／業者提供）
★全家
全家在8月4日周一限定，APP隨買跨店取推出指定咖啡「兩杯55折起」，等於加10元就多一杯，每位會員可購買2組（4杯），兌換期限至9月30日。
★萊爾富
萊爾富即日起至8月12日，全台門市「Hi café系列」指定品項，祭出「買1送1」優惠，包含：大杯特濃美式與拿鐵、中杯拾利抹茶歐蕾、特大杯四季春茶與紅玉紅茶，通通同品項買1送1。
▲▼萊爾富「Hi café系列」指定品項買1送1。（圖／業者提供）
另由於中南部連日豪大雨，多處地區傳出淹水災情，萊爾富8月4日至8月10日嘉義以南門市限定推出「樂法鹼性離子水系列買1送1」（330ml、600ml、1480ml），提供最即時的補水支援，為受影響的鄉親們送上一份關懷。數量有限，售完為止。
▼樂法鹼性離子水系列「買1送1」。（圖／業者提供）
","各大超商推出週一咖啡優惠，提供民眾提神選擇。
7-11指定咖啡享兩杯99元，LINE禮物平台也有飲品買一送一。
全家咖啡推出兩杯55折起，相當於加10元多一杯。
萊爾富Hi café系列飲品及多款茶飲皆有買一送一優惠。
此外，萊爾富針對中南部災區，加碼樂法鹼性離子水買一送一支援。",6小時前
2025-08-04 17:16:22.050154,大支領2000萬補助！遭爆有作品「觀看數僅幾百」　最新數字曝光,https://www.ettoday.net/news/20250804/3008587.htm,https://cdn2.ettoday.net/images/8338/d8338136.jpg,"
▲饒舌歌手大支。（圖／翻攝自大支IG）
記者周亭瑋／綜合報導
饒舌歌手大支先前發布全新單曲〈辣的〉，因領有文化部補助，又在歌詞中砲轟國民黨、攻擊五月天，引爆爭議。胸腔科名醫蘇一峰直言，大支4年拿了國家至少2000萬補助，有的作品累積流量卻超慘淡，讓他不禁質疑，「台灣政府的預算是這樣子花的？」
蘇一峰在臉書提到，「爭議多的藝人大支，作曲開嗆國民黨與五月天，被抓到拿了國家超過2000萬的補助，補助出來的幾個作品，網路上有的只有幾百觀看數，這樣亂花人民血汗錢養側翼的政府，要大罷免藍白立委不能監督？」
對此，網友們紛紛回應，「沒天理」、「好誇張...扯到不行」、「歌詞的內容太LOW」、「周杰倫昔怒斥大支為社會敗類、欠教訓」、「我們政府很有錢」、「五月天捐款了，大支呢？」「合法的飯太香了」。
","饒舌歌手大支新單曲歌詞砲轟國民黨與五月天，引發各界爭議。
胸腔科名醫蘇一峰爆料，大支四年來領取文化部補助至少兩千萬元。
蘇醫師質疑部分受補助作品流量慘淡，觀看數僅數百。
此舉引發「浪費人民血汗錢養側翼」的批評聲浪。
事件導致民眾對政府預算運用產生諸多質疑。",6小時前
2025-08-04 17:16:00.704965,台南新百貨官方搶先公布14家餐飲品牌　全台首家魁力屋拉麵進駐,https://travel.ettoday.net/article/3008619.htm,https://cdn2.ettoday.net/images/8338/d8338691.jpg,"
▲魁力屋拉麵。（圖／取自新光三越台南小北門店臉書）
記者黃士原／台北報導
新光三越在台南第3間分店「小北門店」雖然還沒公布開幕時間，但傳出將於8月15日試營運，而官方臉書也陸續公布17個進駐品牌，其中餐飲就占了14個，包括首度登台的魁力屋拉麵、台南首家朵頤牛排、本村韓式炸雞，以及碳佐麻里集團全新品牌─湘碰杯・湘菜餐酒。
▲饗賓餐旅「朵頤」南部首店將進駐新光三越台南小北門。（圖／資料照／饗賓提供）
新光三越台南小北門店自6月底陸續公布進駐品牌，目前已有17個曝光，其中餐飲就占了14個，分別是CAFE IN、PRESERVE、本村韓式炸雞、朵頤牛排、SPORTS NATION、GIDDY、真珠台灣佳味、湘碰杯・湘菜餐酒、Venchi、MOO、一〇八抹茶茶廊、總裁牛肉麵、魁力屋拉麵、山牛將。
▲本村炸雞雞腿（經典洋釀口味）。（圖／記者黃士原攝）
朵頤餐廳是饗賓集團旗下Semi Buffet品牌，只要點用主餐就享有自助吧吃到飽，包含有季節沙拉、開胃涼菜、熱配菜、經典炸物、主廚主食、經典湯品與甜點飲品等類別。發源自韓國釜山、有紐約最好吃炸雞稱號的本村炸雞，以手工刷醬的方式，均勻地將醬汁刷在炸雞上，既能保有酥脆口感，又能品嚐到濃郁的風味。
▲PRESERVE-完美大早餐。（圖／遠東SOGO提供）
PRESERVE由MiaCucina在2023年推出的蔬食新品牌，不使用任何添加物，講究顧客健康吃的質與量，研發出鷹嘴豆丸、手工義大利麵條、沙拉佐醬、漢堡的麵包以及西式點心等餐點。SPORTS NATION是金色三麥旗下運動主題餐廳，擁有全球首座的數位互動自助取酒牆，同時提供多款金色三麥經典菜色。
▲山牛將主打日式燒肉丼飯。（圖／取自新光三越台南小北門店臉書）
來自日本京都知名連鎖拉麵品牌的魁力屋，台灣首店就落腳在台南新光三越小北門店，主打特製熟成醬油來做拉麵，招牌口味有背脂醬油九條蔥拉麵、熟成醬油雞湯拉麵、豚骨醬油拉麵、雞白湯醬油拉麵。山牛將為一家日式燒肉丼飯專門店，以「肉舖型態」的店舖風格展示新鮮原塊牛肉，為了鎖住風味，山牛將採用炭香疊烤技法，讓炭香與肉汁融合。
湘碰杯・湘菜餐酒是碳佐麻里集團推出的全新品牌，將湖南菜結合餐酒。GIDDY則是臺虎精釀與台南傳奇酒吧T.C.R.T.聯手打造的現拉雞尾酒酒場，現拉汲飲式調酒來自T.C.R.T.經典配方的再創演繹，同時提供臺虎精釀炸物小食以及潮流周邊。
● 《ETtoday新聞雲》提醒您：喝酒不開車，開車不喝酒。
新光三越官方公布14個餐飲品牌列表：
▲饗賓集團最新Buffet「URBAN PARADISE」進駐Dream Plaza。（圖／記者黃士原攝）
另外，統一集團新百貨商場「Dream Plaza」已於7月25日開幕，館內眾多品牌中，以全新登場的精品餐酒buffet「URBAN PARADISE」最吸睛，餐廳設計了全新九大餐區，「Ocean Bar」主打各國新鮮海味料理，有握壽司、加州捲、生魚片、松葉蟹腳、紅蟳、花蟹、白蝦等海鮮；「Breeze」提供沙拉、現做手捲及Tapas西班牙下酒菜；「美樂地」這裡主打以佛卡夏餅皮打造的風味PIZZA、法式焗烤及富創意變化的迷你吐司。
▲松葉蟹腳。（圖／記者黃士原攝）
","新光三越台南「小北門店」傳將於8月15日試營運。
該店引進17個品牌，其中多達14個為餐飲業者，備受關注。
首度登台的「魁力屋拉麵」以及台南首家「朵頤牛排」皆將進駐。
另有「本村韓式炸雞」及碳佐麻里集團全新品牌「湘碰杯・湘菜餐酒」等。
此外，統一集團新百貨商場「Dream Plaza」已開幕，主打精品餐酒Buffet「URBAN PARADISE」。",6小時前
2025-08-04 17:15:37.900129,閩南狼「開撕八炯」一票人不上車！網曝原因：又會被笑是笨蛋,https://www.ettoday.net/news/20250804/3008642.htm,https://cdn2.ettoday.net/images/8179/d8179819.jpg,"
記者曾筠淇／綜合報導
反共網紅「閩南狼」陳柏源昨（3）日發布影片，指控昔日戰友八炯走向極端，甚至模仿納粹煽動民意，「如果我繼續沉默，我就是幫凶」。不過影片曝光後，就有不少網友直呼「不要上車」，質疑這可能是社會實驗或什麼新招，並沒有完全相信兩人決裂。
陳柏源3日深夜在YouTube頻道上發布影片，控訴八炯的言行出現變化，包含街頭挑釁衝突、發表極端言論，甚至在私下透露「研究納粹如何操控群眾情緒」、「發明手勢」、「煽動革命」等構想，讓他深感不安。他更貼出幾段對話和事件，直言這些作為都背離反共初衷，走向另個極權。
針對爆料，八炯錄影片回應，從開始反共以來，他就常被藍白陣營甚至中共陣營貼上納粹的標籤，面對這種攻擊，他也不知道怎麼闢謠和自證了。他也說，雖然是朋友私下的玩笑，但後來在其他人的提醒下，知道這連私下開玩笑也不行，因此深刻反省，也深知這樣的說法不妥，要向大家道歉，如果大家覺得他的方式太激進，未來會減少一些線下活動。
▲閩南狼和八炯曾是好戰友。（資料照／記者林敬旻攝）
只不過，有不少網友反而質疑，「建議大家不要上車，真相大白的後面，我們一定又會被笑是笨蛋」、「先置板凳，大家先別上車，可能這又是他跟八炯搞的社會實驗」、「計中計中計之這部片也是大型企劃之一」、「我期待後續，因為我的直覺：『這影片是一個伏筆』，所以大家先冷靜」。PTT上，也有網友表示，這兩人不是第一次演戲，所以勸大家不要上車，以免最後又說是企畫，整人成功。
另外，也有網友表示，「我看到最後怎麼覺得這個是把戰犯八炯切割掉，大罷免的車繼續往前走」、「我看懂了，先隔空互嗆，製造內部分裂的假象，然後在投票日前大和解，相擁而泣把票催出來，看膩了換點新招吧」。還有網友回應，「你們的出發點都是為了台灣好，加油台灣」、「謝謝你，辛苦了！非常感謝，你們為台灣付出的一切努力」。
",反共網紅「閩南狼」陳柏源發布影片，指控昔日戰友八炯言行走向極端並模仿納粹。陳柏源列舉八炯言論改變，包含私下研究納粹操控群眾等，認為其背離反共初衷。八炯對此錄影回應，承認私下玩笑不妥並道歉，表示未來將減少部分線下活動。然而，許多網友對此事件抱持質疑，認為這可能是兩人合作的「社會實驗」或「大型企劃」。社群平台上，不少人呼籲旁觀者「不要上車」，以免再次被設計或操弄。,6小時前
2025-08-04 17:15:12.461900,吃素醫親曝「補過頭」風險　6種營養素過量恐手麻、便秘,https://health.ettoday.net/news/3008641,https://cdn2.ettoday.net/images/1764/d1764585.jpg,"
▲習慣吃素常需補充其他營養素，但要注意勿補過頭。（圖／達志／示意圖）
記者邱俊吉／綜合報導
不少素食者為補足營養會吃多種保健品，但本身也茹素的西園醫院婦產科主治醫師邱筱宸在臉書為文提醒，常吃的6種營養素包括維生素B12、B6、葉酸、鐵、鋅與脂溶性維生素等，一旦補過頭，反可能導致手麻、便秘、貧血，甚至與癌症風險相關，補充方式應更加謹慎。
邱筱宸在臉書粉專「邱筱宸 醫師」寫道，素食飲食確實較不易取得某些營養素，例如維生素B12，故許多人選擇搭配維他命、植物鈣片、鐵劑或功能營養粉等，但若未經專業建議便自行攝取，容易產生重複補充、劑量過高等問題。
以下是素食族常補充卻也容易補過量的6種營養素，民眾要多注意：
●維生素B12：純素者建議補充以避免缺乏，不過有觀察性研究指出，血中濃度異常偏高可能與某些癌症風險有關，這不代表B12會直接致癌，而是血中B12過高恐為未察覺的癌症警訊，但攝取仍應避免過量。
●葉酸：備孕女性需補充，但一般人若攝取多種營養品，恐掩蓋維生素B12缺乏，延誤神經問題處理。
●維生素B6：長期補過量恐引發手腳麻木、神經不適。
●鐵：是素食常見補充營養素，但過量易引發便秘、腹脹與噁心，還可能增加體內氧化壓力，損害肝臟與心臟。
●鋅：適量有益免疫，但若攝取過高，會抑制銅的吸收，導致缺銅。
●脂溶性維生素（A、D、E、K）：與水溶性不同，這類維生素易堆積體內，過量恐造成多種器官負擔。
邱筱宸寫道，補充營養應掌握5原則，一是選擇合格檢驗的產品，避免購買來路不明或標示不清者；二是先確認成分是否重複，以免堆疊劑量；三是注意劑量單位，尤其國外產品易混淆；四是勿自行加量，按建議劑量服用即可；五是若有疑慮，應與醫師討論是否需抽血檢測，依個人情況調整補充方式。
邱筱宸提醒，素食是一種健康選擇，適當補充缺乏的營養素也很重要，但千萬別讓「怕缺乏」變成「補過頭」，剛剛好最理想。
",素食者為補足營養常攝取多種保健品，但醫師提醒若補充過量恐危害健康。西園醫院婦產科醫師邱筱宸指出，維生素B12、B6、葉酸、鐵、鋅及脂溶性維生素是常見易補過頭的營養素。過量攝取可能導致手麻、便秘、貧血等問題，甚至有觀察性研究指出B12濃度異常偏高恐與癌症風險有關。她強調，自行攝取保健品易重複或劑量過高，補充方式應更謹慎。醫師建議補充營養應選擇合格產品、確認成分、注意劑量，並在有疑慮時諮詢醫師，以避免「怕缺乏」反而「補過頭」。,6小時前
2025-08-04 17:14:50.525076,沖繩新樂園炸負評！一票台人愣「寧願國旅」：九族都比它好玩,https://www.ettoday.net/news/20250804/3008639.htm,https://cdn2.ettoday.net/images/8250/8250328.png,"
▲沖繩叢林樂園JUNGLIA。（圖／株式会社ジャパンエンターテイメント提供）
記者鄺郁庭／綜合報導
沖繩「JUNGLIA樂園」主打叢林和大型恐龍主題，被稱作恐龍樂園、侏儸紀樂園，開幕後隨即吸引大量恐龍迷和叢林迷，不過許多人去過後超失望，紛紛給出負評。89.9萬YTR叉雞就貼出影片，「萬眾期待的主題樂園『Junglia沖繩』，結果一開幕就被全網噴爆！？」影片引發熱論。
有網友在PTT的Gossiping板問卦「有JUNGLIA樂園的八卦嗎？」文中轉貼叉雞的影片，「笑死，再說國旅怎麼樣？這樂園根本詐騙樂園，8800日圓門票，還不能退，排一個設施要5小時。」他直呼JUNGLIA有太多講不完的雷，吐槽道「如果是台灣，還不敢這樣搞。日本屎比較香，就吃下去吧！」
貼文引發眾人熱論，「最簡單的方式就是限制入園人數」、「排5～7小時這真的很日本」、「看了一些YTR，感覺蠻坑的，排隊就飽了」、「計算一下設施可容納多少人一次多久，就能大致算出來可開放人數，全放進來排隊就根本只想斂財」、「墾丁屌打」、「九族都比它好玩。」
還有網友表示，「公關買很多，園內幾乎沒有遮蔽物，有冷氣的餐廳還是預約制」、「經營者是大外行，連試營運限制人數都不做。玩經營遊戲也知道人數最好慢慢往上加，現在還沒開始就先把自己招牌砸了」、「主要是玩沉浸式跟劇情，問題玩這個時間就固定，而且人就不能太多，連園區停車場也搞預約制就真的很蠢。」
另外，叉雞的影片下方有不少去體驗的苦主現身，「真的是爛到不行，我7/27早上入場，排隊五小時結果只有玩到一個恐龍越野車，跟一個小火車」、「我前天去的，特別來找影片留言，拜託大家不要去，我幫你們省錢。一張門票快2000台幣，還要買什麼停車券300（元）。再來，園區裡面幾乎沒有遮蔽物，基本上就是沒什麼室內的地方，完全沒冷氣，前天去差點熱死。」
",沖繩新開幕的「JUNGLIA樂園」主打叢林與恐龍主題，開幕後卻引發大量負評。遊客抱怨其門票昂貴，且單一設施排隊時間竟長達五小時，體驗極差。園區缺乏遮蔽物與冷氣，加上停車場和餐廳皆採預約制，管理不善備受批評。知名YouTuber叉雞也發影片點出樂園問題，引發網友熱議。許多實際體驗者現身證實失望，並呼籲大眾勿前往以省荷包。,6小時前
2025-08-04 17:14:29.880330,中南部最快周三轉晴　氣象署今12：00解除「大規模劇烈豪雨作業」,https://www.ettoday.net/news/20250804/3008649.htm,https://cdn2.ettoday.net/images/8338/8338727.jpg,"
▲未來一周降雨趨勢。（圖／氣象署提供）
記者周湘芸／台北報導
今天西南風逐漸減弱，中央氣象署將於中午12時解除「較大規模或較劇烈豪雨作業」。由於環境仍為西南風，苗栗以南還是有大雨或短延時豪雨機率，其他地區午後熱力作用要留意雷陣雨。隨著太平洋高壓逐漸影響，中南部降雨逐日趨緩，預計最快周三轉晴，僅清晨至上午有零星雨。
中央氣象署預報員趙竑指出，今天環境偏向西南風，苗栗以南仍有斷斷續續降雨，但水氣已有減少趨勢，今天上午最多累積雨量在高雄54毫米，由於水氣是由東往西推進，澎湖也有102.5毫米。今天高屏山區仍有豪雨機率，南部其他地區、金門及澎湖也有局部大雨。
趙竑表示，目前琉球南方海面到華南沿海都是對流發展旺盛區域，台灣南邊屬於太平洋高壓勢力範圍，未來預估逐漸增強，由東往西影響台灣，降雨就會趨緩。今天中南部降雨回波已比昨天趨緩，變成時晴時雨，但澎湖仍會有較明顯雨勢，要到明天才會趨緩。
▲6小時降雨趨勢。（圖／氣象署提供）
他指出，今天白天中南部仍有間歇性雨勢，也有大雨或短延時豪雨，其他地區留意午後雷陣雨，大台北、宜花有局部大雨或短延時強降雨。今晚到明天西南風減弱，太平洋高壓逐漸往台灣延伸，降雨愈來愈少，明天清晨僅中南部偶有零星雨。 
他表示，明天中南部及澎湖仍有局部大雨，桃園以北、宜蘭山區午後有局部大雨。周三中南部降雨只有清晨至上午較明顯，其他山區午後有短延時強降雨，大台北降雨可能擴及平地。周四午後降雨就會集中在山區，其他地區晴朗穩定。
溫度方面，趙竑表示，今天西南風影響仍有高溫，北部及宜花約33至35度，其他地區29至32度，大台北沉降作用要留意36度高溫。 
",氣象署宣布將於今日中午解除大規模豪雨作業，因西南風已逐漸減弱。苗栗以南地區今日仍有大雨或短時豪雨機率，其他地區則需留意午後雷陣雨。隨著太平洋高壓逐漸增強，中南部降雨將逐日趨緩，預計最快週三可望轉晴。今日高屏山區仍有豪雨機會，澎湖及中南部間歇雨勢預計明天才會趨緩。氣溫方面，北部及宜花地區高溫約33至35度，大台北地區更需留意可能出現36度高溫。,6小時前
2025-08-04 17:14:08.150589,高鐵連7天加碼大學生返校5折優惠　8/6起開放售票,https://www.ettoday.net/news/20250804/3008669.htm,https://cdn2.ettoday.net/images/8301/d8301745.jpg,"
▲台灣高鐵公司9月3日至9月9日提供南下、北上各2班次「大學生開學返校5折優惠列車」。（圖／記者李姿慧攝）
記者周湘芸／台北報導
因應9月各大專院校開學返校需求，台灣高鐵公司9月3日至9月9日期間，除原有大學生優惠專案可適用的5折、75折或88折的車次外，每日再加碼提供南下、北上各2班次「大學生開學返校5折優惠列車」，將於8月6日凌晨零時起開放購票。
高鐵公司表示，因應大專院校開學返校需求，高鐵提供5折、75折或88折的大學生優惠專案，9月3日至9月9日期間每日將再加碼提供南下、北上各2班次、停靠各站的5折優惠列車，期間總計提供28班次，南下列車分別為上午10時及11時發車，北上列車分別為10時25分及12時25分，將於8月6日凌晨零時起開放購票。
高鐵公司指出，適用「大學生優惠」的各車次車票，除可透過高鐵網路訂票系統預訂外，也可利用「T-EX行動購票」App、高鐵合作的便利商店以及車站售票窗口購票。
高鐵公司也提醒，使用此優惠的大學生，乘車時務必攜帶本人有效的學生證正本，如學生證無當學期註冊章或註冊章無法辨識，需合併出示「在學證明正本」以備查驗。
","高鐵公司因應九月大學生開學需求，將於9月3日至9月9日推出開學返校優惠列車。
期間每日提供南下、北上各2班次、總計28班次的5折優惠。
這些優惠車票將於8月6日凌晨零時起開放購票。
學生可透過網路、T-EX App、便利商店或車站售票窗口預訂。
乘車時務必攜帶本人有效學生證正本，以備查驗。",5小時前
2025-08-04 17:13:47.255055,大雨下不停「頭痛炸裂」？醫揭元凶：氣壓、濕度是關鍵,https://www.ettoday.net/news/20250804/3008487.htm,https://cdn2.ettoday.net/images/8338/d8338506.jpg,"
林軒任醫師昨（2）日在臉書專頁發文表示，最近瘋狂下雨，上週南台灣還出現大面積雷暴現象，讓他感覺自己這週偏頭痛發生的機率比往常還高，嚴重時甚至會有點噁心跟畏光！
林軒任隨即指出，在颱風天來臨前或是雨勢磅礡的時候，大家都會明顯感受到氣壓下降。而根據1項為期7年、涉及7000多名患者的研究發現，24小時內有氣壓下降現象，與隨後2～3天內因頭痛急診就醫的數據增加相關。而另一項1項為期2年、涉及約1800名參與者的義大利大型研究也表明，低氣壓天候的發生，與其後2天內因偏頭痛而進行急診醫療諮詢的數量上升呈現正相關。研究還指出，當氣壓相對於標準氣壓下降6至10百帕時，偏頭痛發作的頻率最為頻繁。
此外，高濕度也是公認的偏頭痛氣象觸發因素，尤其是濕度的快速變化，更可能導致偏頭痛發作。尤其是溫暖潮濕的天氣，已被注意到會擾亂睡眠模式，而睡眠不足是公認的偏頭痛觸發因素之一。相反，極低的濕度或乾燥空氣也可能導致觸發偏頭痛，因為乾燥的環境會使鼻腔黏膜乾燥，從而增加敏感性，並導致脫水，可能導致大腦輕微收縮並對周圍神經施加壓力。
林軒任醫師指出，想在這種陰雨連綿的日子對抗偏頭痛，建議多關注天氣預報與自己的前驅症狀，一旦發現有觸發偏頭痛的可能，可以預先服用藥物。此外，也要記得多喝點水，減輕生活壓力對緩解偏頭痛也有幫助。還有一些研究指出，運動有幫助預防偏頭痛的發生，所以下雨的日子，不妨在家裡做個超慢跑運動。若是偏頭痛已經找上門，也千萬記得要去看醫生。
","林軒任醫師觀察到近期多雨雷暴天氣，導致偏頭痛發作機率明顯升高。
研究指出氣壓下降與偏頭痛急診就醫人數增加有關，尤其氣壓下降6至10百帕時最頻繁。
高濕度、濕度快速變化是已知誘因，極低濕度或乾燥空氣也可能引發偏頭痛。
醫師建議民眾應關注天氣預報與自身前驅症狀，考慮預先服藥，並多喝水、減輕壓力。
此外，適度運動有助預防偏頭痛，若偏頭痛已發作務必尋求醫師診斷與協助。",5小時前
2025-08-04 17:13:26.368864,快訊／9縣市豪大雨特報　大雷雨炸4地,https://www.ettoday.net/news/20250804/3008677.htm,https://cdn2.ettoday.net/images/7218/e7218151.jpg,"
▲中央氣象署發布大雨特報。（示意圖／ETtoday資料照）
記者陳威廷／台北報導
中央氣象署針對9縣市發布豪大雨特報，因西南風影響，易有短延時強降雨，今（4）日高雄市山區及屏東縣山區有局部大雨或豪雨，澎湖、金門、高雄、屏東地區及台南山區有局部大雨發生的機率。11時18分發布大雷雨即時訊息，持續時間至12時45分，期間區域內民眾請慎防劇烈降雨、雷擊、9級以上強陣風，低窪地區慎防淹水，以及低能見度。
豪雨地區
高雄市、屏東縣
大雨地區
台中市、彰化縣、雲林縣、嘉義市、嘉義縣、台南市、澎湖縣
▲氣象署大雨特報地圖。（圖／氣象署提供）
資料來源：氣象署
","中央氣象署針對9縣市發布豪大雨特報。
受西南風影響，部分地區易有短延時強降雨發生。
今日高雄、屏東山區有局部豪雨，金門、澎湖及南部多處有局部大雨機率。
氣象署上午並發布大雷雨即時訊息，持續至中午時段。
提醒民眾慎防劇烈降雨、雷擊、強陣風、低窪淹水及低能見度。",5小時前
2025-08-04 17:13:03.898338,地方創生廊帶從棒球出發！花蓮新城打造「運動 × 觀光 × 社區」新想像,https://www.ettoday.net/news/20250804/3008675.htm,https://cdn2.ettoday.net/images/8338/8338776.jpg,"
▲「2025山海盃就是棒邀請賽」8月2日至3日於新城鄉盛大登場。（圖／花蓮縣政府提供，下同）
生活中心／綜合報導
今年夏天，花蓮熱力開打！在國發會推動的「地方創生廊帶計畫」與花東基金的支持下，8月2日至3日於新城鄉盛大舉行的「2025山海盃就是棒邀請賽」正式登場！這場由花蓮縣政府與國家發展委員會共同指導、花蓮縣體育會主辦的全國級U8、U10社區棒球賽，不僅集結全台U8、U10小小球員，更結合市集、親子活動與街區探索，讓運動不只是比賽，更成為串聯地方人文與觀光的新動能！
身為今年東部創生廊帶的示範區，新城近年透過社區參與、政府支持與青年返鄉的努力，逐步累積創生能量。這次賽事更是希望以棒球為媒介，把這份熱情擴散到整座城市，邀請來自各地的家庭深入社區、走入巷弄，一起感受在地魅力。
自2015年起，地方團隊陸續投入街區改造、老屋活化、社區陪伴與青年創業，如今在國發會廊帶計畫的資源挹注下，這股能量得以被看見、被擴大，在「球不只是比賽，更是一場地方教育與觀光的實驗行動。」的理念下，希望讓參賽家庭與旅客能夠實際走進街區生活。
活動現場除了緊張刺激的球賽，還規劃了封街市集、親子闖關活動，匯集在地小農、手作職人與特色美食，同時結合闖關集章與消費折扣等機制，打造專屬新城的夏日散步地圖。不論是跟著孩子參加親子全壘打、或是在巷弄裡挖掘隱藏版美味，都是絕佳的親子共遊時光。本次活動除了讓孩子們可以進一步培養對運動的熱情與夢想。家長們則能透過親子全壘打、闖關活動、與在地小農店家的交流，重新認識一個平常沒機會深度認識的鄉土風情。
花蓮縣長徐榛蔚表示，花蓮擁有得天獨厚的山海地景與深厚的人文底蘊，透過運動的力量把人與土地、家庭與社區連結一起，未來縣府也將持續以運動策略為主軸，串聯街區、教育、文化與青年創業，打造以人為本的永續生活場域，推動一個青年願意留下、居民樂於參與、旅人持續回訪的幸福花蓮。誠摯邀請大家齊聚花蓮，一起揮出夏日全壘打、逛市集、走進街區，體驗一場汗水交織地方感動的旅程。
",「2025山海盃就是棒邀請賽」將於8月2日至3日在花蓮新城鄉盛大登場。這項全國級U8、U10社區棒球賽，由國發會與花蓮縣政府指導，旨在透過運動推動地方創生。活動結合了刺激的棒球賽事、封街市集、親子闖關及街區探索。賽事期望以棒球為媒介，邀請各地家庭深入社區，體驗在地人文與觀光魅力。花蓮縣府將持續以運動策略，串聯街區、教育與文化，打造宜居永續的幸福花蓮。,5小時前
2025-08-04 17:12:43.145536,十二星座8/4-8/10運勢公開！巨蟹迎來轉機、牡羊夢想復燃,https://www.ettoday.net/news/20250804/3008684.htm,https://cdn2.ettoday.net/images/8338/8338837.jpg,"
▲你準備好迎接新的開始了嗎？日本療癒系占星師為12星座揭示本週8月4日至8月10日命運關鍵。（圖／取自免費圖庫pexels）
記者張芳瑜／綜合報導
牡羊座：重新拾起你曾經放棄的夢想
你是否曾經懷抱過一個夢想，卻在成長過程中悄悄放棄了？現在是重新挑戰的好時機。勇敢回頭再試一次，你可能會獲得出乎意料的成果。同時，當你分享自己的夢想時，那些真心為你高興、願意支持你的人，正是你該珍惜並邀請進入生活的人。而當你也願意成為他人的支持者時，生活會因此開始轉動起來。
金牛座：遺忘角落裡的重要事，終將重新被看見
明明知道是重要的事情，卻被你長期擱置在心中的某個角落。現在，那件事將再次被點亮。這次不再是你一個人面對，身邊的夥伴或引導者會讓你感到前所未有的安心。比起腦袋裡塞滿的知識，你將被一股更強大、更真實的力量所引領。
雙子座：發現能並肩前行的好夥伴就在你身邊
這週，你會驚喜地發現，其實一直以來有許多願意牽著你的手、一起前行的夥伴就在你身邊。你們會彼此激勵，成長出更好的自己。現在也是認識新朋友的好時機，不妨勇敢踏出一步，主動參與各種人際交流，你會開啟更多精彩可能。
巨蟹座：過去的轉變，原來是人生的禮物
曾經難以接受的環境或角色變動，現在會帶給你意想不到的正向收穫。你會驚喜地發現，有些幸福近在咫尺，只要伸手就能抓住。同時，你也將對曾經讓你離開某段關係、踏入新階段的經歷心懷感激，因為正是這樣的改變，成就了更美好的你。
獅子座：別把自己關起來，試著分辨什麼才是真正的快樂
這段時間，你可能會不自覺地將自己封閉起來，因為太多事情同時發生，讓你無法一下子全然接受。此時你會深刻體會到，就像與現實社會的互動需要平衡，與自己內心的關係也需要「健康互動」。試著釐清什麼讓你開心、什麼讓你不舒服，就算內心某些情緒被喚醒，也有能力將它們安然駕馭。
處女座：面對自己心中那個看不見的敵人
你可能會明白，那些讓你遲疑、動搖的力量，其實來自你內心深處的「黑暗面」。越是有美好的事發生，這股力量越容易浮現。與其逃避，不如勇敢正視並接納它作為你的一部分。當你能自在地與之共存，你將感受到生活變得更加輕鬆，而你也能真正品嚐「活著」的幸福。
天秤座：終於感受到，老天一直在看著你
這週，你將有機會深切感受到：宇宙其實一直都在看顧著你。那些你曾經質疑「為什麼是我」的傷痛，也將化作一段回憶。你不再只是想當個「好人」，而是能夠隨著時機做出適切判斷的成熟之人。一次小小的決定，也可能讓整個世界在你眼中閃閃發光。
天蠍座：在期待與現實的拉扯中，找回自己的定位
你可能會感受到內心理想與他人期待之間的落差，讓你在職場或社交上備感壓力。現在是時候讓更多真正懂你、接納你的人進入你的生命。而你也將迎來與自己天職、人生目標有關的重要連結。思考什麼樣的閃耀方式會讓你真正感到快樂，並朝那個方向前進。
射手座：情緒起伏中，學會說出自己的「不要」
這週可能會發生影響你人生走向的大事，即使是喜事，也會伴隨著不小的壓力。情緒起伏大是正常的。此時，最重要的是勇敢地說出「我不想要這個」，為自己劃出界線。長遠來看，你的明確立場反而會成為別人的榜樣，也讓你能夠忠於內心，活出真我。
魔羯座：在混亂中找到心之所向
近期事情接連發生，讓你感到應接不暇。然而，在混亂之中，你的內心也開始逐漸沉穩起來。當多種可能性出現在眼前，只要你清楚自己真正想要的是什麼，你就能果斷地做出選擇。這是一個邁向真正自由的重要時刻。
水瓶座：關係需要改變，不必害怕結束
你可能會因為無法改變他人而感到無力，但若你真的想改善一段關係，現在就是轉變的時機。請主動調整你的相處方式與距離。記得，結束某段關係並不是壞事，它也可能是另一段美好開始的前奏。帶著新的心情，開始面對人生中重要的課題吧。
雙魚座：你的快樂，也能成為他人的光
你即將發現，在你與社會的互動中，有些事情只有你能做到。當你真心投入在讓自己快樂的事物中，這份喜悅也會回饋給他人。不論是興趣還是戀愛，只要有讓你心動的事，就全力投入吧。那股熱情，將引領你邁向更幸福的高處。
","日本占星師預測12星座本週（8月4日至8月10日）運勢，鼓勵人們勇於迎接新開始。
各星座將面臨重新拾起夢想、面對內心挑戰及發掘身邊夥伴的機會。
許多人會發現過去的轉變是禮物，並學會區分真正的快樂與需求。
同時，學會設立界線，在混亂中找到方向，並調整人際關係將是關鍵。
整體而言，本週是透過自我探索與適應變化，邁向更真實幸福的成長時刻。",5小時前
2025-08-04 17:12:22.601461,一票文化人「領補助」被轟爆！名醫點破關鍵：陷政府於不義,https://www.ettoday.net/news/20250804/3008571.htm,https://cdn2.ettoday.net/images/8337/d8337482.jpg,"
▲台劇《零日攻擊》。（圖／牽猴子提供）
記者周亭瑋／綜合報導
近來，饒舌歌手大支遭爆4年領2000萬補助，卻在作品中砲轟在野黨、攻擊五月天，引爆爭議，相關話題也掀起討論。精神科醫師沈政男就直言，藝文人士要關心政治可以，但要衡量一下自己的思辨功力，就像政治人物要評論藝文一樣，「還有饒舌的批判，是讓你批判強權，結果竟然是在罵在野黨。」
沈政男在臉書提到，喧騰一時的台海戰爭台劇《零日攻擊》，第一集已經上映，免費可看，但沒有引起太多關注，顯然先前的爭議風波就因為大罷免在即，如今結果已經出爐，就變成獲得政府補助的一般台劇了，「純粹以戲劇品質來說，還可以啦！而以政治意識來說，第一集也沒有太過偏頗。當然預設大陸很可能打台灣的前提，並非所有人都這樣認為，因此不是所有觀眾都可以平心靜氣看完。」
他直言，這戲拿了所謂「黑潮文化補助」幾千萬元，能不能開拓國外市場，恐怕是一個問題，「黑潮的意思是行銷台灣的文化軟實力，問題是，啊就沒什麼實力啊！軟實力，不是靠撒錢就堆得起來。」
▲饒舌歌手大支。（圖／翻攝自大支IG）
沈政男認為，藝文人士要關心政治可以，但要衡量一下你的思辨功力，就好像政治人物要評論藝文一樣，「因為你一旦蹽落去，此後你從事的藝文創作，大家已經沒辦法平心靜氣地看到你那張臉，或者你的文字與音樂了。我看到《零日攻擊》的某一些演員，第一個感想就是：你胡亂挺大罷免！然後你在那邊演什麼台灣總統角色？呵，演里長都沒什麼說服力。」
另外，對於饒舌歌手大支引發爭議的〈辣的〉，他也忍不住吐槽，「騙人沒有聽過饒舌嗎？饒舌的批判，是讓你批判強權，結果竟然是在罵在野黨。文化部說，補助大支是其他活動，不是那支MV，這時候歌手自己要知道，即使是間接批評在野黨，都會陷政府於不義。」
．本文由沈政男授權引用。
►大支領2000萬補助！遭爆有作品「觀看數僅幾百」　最新數字曝光
",饒舌歌手大支因四年領兩千萬補助，卻在作品中攻擊在野黨而引發爭議。精神科醫師沈政男對此評論，指出饒舌應批判強權而非在野黨，並質疑藝文人士過度涉入政治的影響。他同時提及獲政府數千萬「黑潮文化補助」的台劇《零日攻擊》，認為其關注度不高且開拓海外市場能力成疑。沈政男強調，文化軟實力並非靠撒錢就能堆砌，並批評部分演員因政治立場影響角色說服力。他總結藝文人士應衡量思辨功力，避免因政治涉入損害藝術創作的公信力。,5小時前
2025-08-04 17:12:01.744743,閩南狼開撕！「鍾明軒抖內3290元」喊諷刺　讚1點：比八炯像個人,https://www.ettoday.net/news/20250804/3008681.htm,https://cdn2.ettoday.net/images/7846/d7846967.jpg,"
記者施怡妏／綜合報導
反共挺罷免網紅「閩南狼」陳柏源3日爆料，戰友八炯私下透露「研究納粹如何操控群眾反共」、設立「納粹衝鋒隊發起革命」等言論，讓他認為已背離反共初衷。影片留言區驚見網紅鍾明軒抖內3290元，看到兩人鬧翻沒有開心的感覺，「願意說出這些事，代表你的良心還在，至少你比八炯還像個人。」
鍾明軒先前被抨擊親共藝人，在閩南狼的YT影片底下留言，並抖內3290元，看到八炯跟閩南狼鬧翻，沒有任何開心的感覺，「只有滿滿的諷刺」，當初因為「中國統戰紀錄片」被側翼無情攻擊，身心受創到幾乎走不出來，甚至有過輕生的念頭，「這一切，難道你們今天鬧翻了，就可以假裝沒有發生過嗎？」
鍾明軒希望八炯跟閩南狼可以好好反省，「不要再把人當作鬥爭的工具。」最後，他坦言，未來的人生路還很長，這筆抖內金，祝福閩南狼未來好好做人，「願意說出這些事，代表你的良心還在，這點...至少你比八炯還像個人！」
有網友轉發到Dcard上，底下網友紛紛留言，「覺得鍾太心軟了」、「鍾人好好...抖好多」、「海水退了知道誰沒穿褲子了」、「感覺就劇本，不知道那兩顆白癡鳥在搞啥東西，不過鍾也是很可憐，被這兩個粉絲出征到想不開，支持他現在的公開嘲諷」、「事情變的越來越有趣了」、「看到事件延燒到現在，覺得鍾的心理素質真的很強大」。
鍾明軒去年2月上傳前往中國旅行的影片，當時網紅波特王爆料中國政府砸錢邀請台灣網紅拍片大外宣，鍾明軒因而被貼上「統戰」標籤。後來去年21月又被反共網紅八炯、閩南狼指控收中國政府的錢，因為影片中海峽報導社長林靖東提到他的名字，當時幾乎所有人都咬定他就是收了中國政府的錢，並在台灣內部進行統戰工作，生活受到翻天覆地的影響。
鍾明軒留言全文：
我還記得，當初因為你們那部「中國統戰紀錄片」，我被你們和那些側翼無情攻擊，身心受創到幾乎走不出來，甚至有過輕生的念頭。這一切，難道你們今天鬧翻了，就可以假裝沒有發生過嗎？
這點...至少你比八炯還像個人！
",網紅「閩南狼」陳柏源爆料戰友八炯，指其私下言論涉及研究納粹及組建衝鋒隊等，已背離反共初衷。網紅鍾明軒對兩人鬧翻表達不悅，並抖內留言諷刺，質疑他們過去對他的不當攻擊。鍾明軒回憶，自己曾因八炯與側翼指控「統戰」而身心受創，甚至萌生輕生念頭。他呼籲兩人反省，停止將人當作鬥爭工具，並強調過去的傷害不該被假裝沒發生過。鍾明軒最後稱讚閩南狼說出真相，表示其比八炯更像個人。,5小時前
2025-08-04 17:11:40.681713,12歲童「肌張力不全」全身扭曲　台大深腦刺激讓他重新挺直,https://health.ettoday.net/news/3008662,https://cdn2.ettoday.net/images/8338/d8338858.jpg,"
▲江同學罹患肌張力不全症，台大醫療團隊治療成功。（圖／記者趙于婷攝）
記者趙于婷／台北報導
剛成為大學新鮮人的江同學，在12歲因「嚴重肌張力不全」發病，導致軀幹肢體扭曲「身體不聽使喚，像扭毛巾一樣」，嚴重到脊椎側彎站不直。台大醫院醫療團隊利用高精確度且高難度的「雙側蒼白球內側核深腦刺激植入手術」，讓江同學恢復行動自如。
肌張力不全症有原發性或續發性兩類，台大醫院神經部醫師戴春暉表示，原發性多和遺傳、基因有關，小孩子通常會在6、7歲前發病，黃金治療期在長高之前，若延誤治療，可能在青春期急速惡化，會嚴重影響正常行走跟一般生活功能。
江爸爸說，小孩在沒發病之前，可以活動自如，後來發現他漸漸扭不開瓶子、常有彎曲動作，四處就醫都找不到原因，12歲那一年發病，才知道是罹患肌張力不全症，他發病後，整個人歪曲、站不直，在學校也被同學閒話。
過去「肌張力不全症」幾乎無法治癒，所幸江同學後來輾轉透過台大醫院醫療團隊的評估，在2019年接受高精度深腦刺激治療，逐漸恢復健康。
","江同學在12歲時罹患嚴重肌張力不全症，導致身體扭曲、無法站立。
他因病四處求醫未果，生活功能嚴重受影響。
台大醫院醫療團隊評估後，決定為他實施治療。
他們運用高精確度的「雙側蒼白球內側核深腦刺激植入手術」。
術後江同學已奇蹟康復，恢復行動自如。",5小時前
2025-08-04 17:11:16.742331,【廣編】中秋送禮天花板！老協珍「白金燕窩月餅禮盒」限量奢華登場,https://www.ettoday.net/news/20250804/3008700.htm,https://cdn2.ettoday.net/images/8338/8338891.jpg,"
▲老協珍「白金燕窩月餅禮盒」集結經典「燕窩月餅」、鹹香驚艷又話題十足的「烏魚子月餅」，凝聚品牌對食材的堅持與對心意的詮釋，獻上最具儀式感與誠意的中秋頂級之選。
圖、文／老協珍提供
擁有超過80年歷史的品牌老協珍，全新推出的「白金燕窩月餅禮盒」，集結歷年熱銷、深受消費者喜愛的「燕窩月餅」與風味獨具的「烏魚子月餅」，再搭配上市不到一年即熱銷破萬瓶的老協珍燉燕窩，一次就能品嚐到無可挑剔的頂級美味，是中秋佳節最具品味的送禮首選。
連續七年熱銷「燕窩月餅禮盒」，再度以優雅姿態亮相！將頂級燕窩融入月餅裡，以獨門配方蜜製綿密燕窩，精選優質白鳳豆，加入鹹蛋黃、奶油，鹹甜多層次、蛋奶滑順香甜，讓人難以忘懷！全新包裝延續老協珍品牌的細膩美學，簡約大器中流露雅致溫度。「烏魚子月餅禮盒」以鹹香新味刷新味蕾記憶，嚴選台灣珍稀野生烏魚子，手工切片、微炙後包入餅餡，濃郁鮮香中帶有層層海味韻律，搭配廣式工法製作的酥皮，一口咬下，驚艷味蕾；更創新融入台灣人獨有的經典吃法，烏魚子夾蘋果的靈感巧思，內餡以香甜蘋果，將炙香烏魚子緊緊包裹其中，甜鹹交織、果香與海味共舞，打造前所未有的節慶味覺饗宴。
",老協珍推出全新「白金燕窩月餅禮盒」，獻上中秋頂級之選。禮盒集結經典「燕窩月餅」與鹹香驚艷的「烏魚子月餅」。燕窩月餅將頂級燕窩融入餅餡，口感鹹甜滑順。烏魚子月餅嚴選台灣野生烏魚子，創新融入烏魚子夾蘋果的吃法，甜鹹交織。此禮盒更搭配熱銷燉燕窩，是中秋最具品味的送禮首選。,5小時前
2025-08-04 17:10:56.517340,妹子LINE置頂「跟身邊人不一樣」　網最愛釘選1功能：很好用,https://www.ettoday.net/news/20250804/3008678.htm,https://cdn2.ettoday.net/images/7534/d7534698.jpg,"
▲原PO好奇大家置頂都放什麼。（示意圖／記者周宸亘攝）
網搜小組／劉維榛報導
一名女網友好奇LINE置頂習慣，發現朋友的對話列常常滿滿一排，包括親友、群組和工作群，但她自己只有置頂男友、好友、自用記事群與銀行通知，覺得自己好像很不一樣。網友熱烈回應，「早餐店的線上點餐」、「Keep筆記跟老公」、「詐騙查詢、英文老師」。
一名女網友在Dcard表示，發現身邊朋友LINE置頂聊天室，幾乎都是常常聯絡的人，像是家人、同學與各種群組，因此置頂視窗總是一長排。
而原PO自認很不一樣，置頂聊天室只有男友、一位好友，以及個人記事群組與銀行扣款通知的視窗，「感覺跟身邊的人很不一樣，所以很好奇大家都放什麼？」
底下網友紛紛分享，「放暈船對象，不放的話聊天室就會掉到最下面了」、「LINE錢包，刷卡會跳通知，比較好查消費紀錄」、「只放老公」、「家人、待回人物」、「早餐店的線上點餐，起床還昏沉沉的時候，可以很快就找到」、「媽媽，我是媽寶」、「我放吃的，要線上點餐的時候很方便」、「放教授」、「詐騙查詢、英文老師」、「一整排同事跟廠商...真是可悲」。
其中不少人都會特別釘選Keep筆記，「放好友、男友、爸爸、Keep！Keep記東西很好用」、「Keep筆記跟老公」、「幫寶適/Keep/老公」。
過去被網友封稱最實用的LINE「keep」功能，可惜已在2024年8月結束服務，因此不少人改用「Keep筆記」，只有帳號用戶本人可查看的專屬個人聊天室。值得注意的是，檔案與照片、影片保存2周後仍會失效。
想長時間保存的話，用戶也可以存在Keep筆記或1人群組的「相簿或筆記本」裡，值得注意的是，每個聊天室內最多可建立100本相簿、每本最多可上傳1000張照片，一次上傳最多300張照片。
若超過上限的話，官方規定當月無法再上傳照片到相簿，只能等到下個月日本時間1日0:00（台灣時間仍為當月月底的23:00）才能繼續上傳照片至相簿裡。
",LINE的「置頂」功能引起討論，用戶習慣大相逕庭。一名女網友好奇朋友置頂許多群組，而自己僅置頂男友、好友與特定通知。網友們分享，常見置頂項目包括早餐點餐、重要親友、學習對象，甚至詐騙查詢。許多人將「Keep筆記」置頂，作為個人記事與檔案儲存的工具。然而，Keep筆記的檔案與照片有保存期限，且相簿上傳數量有限制。,5小時前
2025-08-04 17:10:35.801773,阿婆拿筷子「插進煮麵鍋」店家嚇！過來人嘆：很多老一輩這樣,https://www.ettoday.net/news/20250804/3008698.htm,https://cdn2.ettoday.net/images/7625/d7625922.jpg,"
▲示意圖，與本文無關。（圖／記者鄺郁庭攝）
記者鄺郁庭／綜合報導
原PO表示，事情發生在用餐尖峰過後，一位約65歲的鄰居老太太來店內點了一碗麵並選擇內用，接著走到用餐區拿取環保餐具。當時媽媽在煮麵，他則在桌邊吃午餐，突然聽到鄰居邊說話邊走近媽媽，下一秒竟飛快地把手中的筷子直接插進煮麵鍋中。
他說，媽媽和他都當場嚇到，雖然能理解老婦人可能是想用熱水殺菌，但這樣的做法實在令人無法接受，「如果她開口說一聲，我們會另外準備滾水給她燙筷子，沒想到她就直接插了進去」，且速度之快讓人根本來不及阻止。
事後原PO提醒老婦人這樣不行，但對方卻毫不在意，甚至覺得沒什麼。但讓他擔心的是，對方的筷子可能剛剛已經放入口中，萬一鍋裡還有其他人的餐點，那後果就不堪設想，於是只能選擇整鍋水倒掉重新處理。
貼文一出，許多人也傻眼，「我家也是開麵店的，只能說…老一輩的確會這樣做沒錯」、「重點是他們還完全不認為自己髒，反而覺得是其他人有潔癖挑剔」、「在關東煮店用餐，有位歐巴桑拿自家剛洗好的碗公走來，把碗裡殘留的水倒進湯裡，然後若無其事的挑關東煮。」
",一名老婦人在麵店用餐時，竟未經同意將筷子直接插入煮麵鍋中。麵店老闆和兒子對此感到震驚，因事發突然來不及阻止。儘管老婦人可能想消毒筷子，但此舉引發嚴重的衛生疑慮。由於擔心筷子不潔，店主只好將整鍋煮麵水倒掉重煮。老婦人對其行為毫不在意，許多網友也表示這種情況在老一輩中並非罕見。,4小時前
2025-08-04 17:10:16.129350,5G網速快「為何一堆人堅持辦4G？」　網曝1缺點太有感：用了才發現,https://www.ettoday.net/news/20250804/3008653.htm,https://cdn2.ettoday.net/images/5667/d5667688.jpg,"
▲許多網友仍是辦4G。（示意圖／記者曾筠淇攝）
記者曾筠淇／綜合報導
大多數人都有辦網路，出門在外，仍然可以滑滑社群網站、查資料、與人聯繫。近日就有網友好奇拋問，他現在是用5G，有沒有人還死守著4G吃到飽呢？貼文曝光後，引起討論，不少網友也分享自己堅持用4G的原因。
貼文曝光後，底下網友紛紛回應，「手機網路速度要這麼快幹嘛」、「我啊，吃到飽才安心」、「我家收不到5G，所以用4G」、「沒有5G的地方還是得用4G」、「4G就夠一般用途了」、「我啊！我全家都4G的釘子戶」、「以前5G，現在4G，用得非常舒服」、「一般人4G就夠了」。
還有不少網友指出5G的缺點，「5G超耗電」、「耗電的部分超有感，5G電一下就噴乾」、「5G耗電又有上限」、「5G貴，便宜的限速不夠用，耗電量更多，手機還更會發熱」、「5G太耗電，只會開4G」、「沒用5G不知道，用了才發現有夠耗電」、「5G耗電，室內一堆地方收不到，幹嘛換」、「5G iPhone超耗電，幾乎是4G兩倍耗電」。話題引發討論。
","許多網友近期討論網路方案選擇，好奇是否有人仍堅持使用4G吃到飽。
不少4G用戶表示，對一般用途而言4G速度已足夠，且吃到飽方案讓他們更有安全感。
部分網友指出，5G在室內或特定區域收訊不佳，因此仍選擇使用4G。
然而，許多人提及5G最大的缺點是極度耗電，導致手機電池消耗速度明顯加快。
此外，5G還被批評費用較高、便宜方案有限速，且易導致手機發熱。",4小時前
2025-08-04 17:09:54.693234,大陸廣東屈公病暴增　台大醫揭2關鍵：疫情恐更難控制,https://health.ettoday.net/news/3008728,https://cdn2.ettoday.net/images/8338/d8338437.png,"
▲中國廣東省爆發屈公病，美國發出二級旅遊警示。（圖／美國CDC）
記者邱俊吉／台北報導
中國廣東省屈公病疫情愈來愈嚴重，近1周暴增近3千例，今年累計已近7千例，對此，美國昨已發出二級旅遊警示 ；醫師指出，由於氣候暖化，全球屈公病個案在今年明顯攀升，不過對岸疫情可能還要考量近來的經濟衝擊，恐已影響衛政部門的行政效率，若導致防蚊工作無法有效推動，疫情會更難控制。
針對中國廣東、尤其是佛山近期屈公病確診激增，台大醫學院兒科特聘教授黃立民醫師說，疫情升溫與全球暖化有直接關聯，氣溫升高會直接導致蚊蟲數量增加，使病毒活動範圍得以逐漸往北推進，但除了氣候因素，當地的衛生治理能力退化可能也是關鍵。
中國杭州日前傳出糞水滲入自來水系統，造成當地居民極大反彈，也引發各界熱烈討論中國經濟衰退可能導致行政效率、基礎建設等品質下滑。對此，黃立民指出，若部分地區公衛管理不足，地方政府無法有效動員社區清除孳生源，防疫工作便會停滯，使病毒傳播更難抑制。
對於屈公病，黃立民說，不像登革熱有致命性的登革休克症候群，主要症狀為關節明顯疼痛，且疼痛時間長，某些患者可能持續數周至數月，甚至數年，免疫力差或年長者要特別注意。
黃立民也說，雖然台灣本土並無持續流行，但每年仍可能因境外移入而引爆疫情，且台灣氣候條件適合蚊媒疾病傳播，屈公病病毒從境外帶回來便有流行風險。
針對疫苗，黃立民則說，台灣目前無屈公病疫苗，也未規劃引進，主因是國際雖有疫苗推出，但在中南美洲等地曾傳出嚴重副作用，因此疫苗並非可靠選項，防治仍以防蚊為主。
黃立民強調，防蚊工作不僅可阻擋屈公病，也可預防登革熱、日本腦炎與茲卡病毒等蚊媒傳染病，是最有效的防疫手段，提醒民眾若出國至東南亞如泰國、印尼、菲律賓等蚊蟲密集國家，均應格外警覺，穿著長袖衣物並使用防蚊液防護，回國後也應留意有無發燒、關節痛等症狀，以免造成社區傳播。
","中國廣東省屈公病疫情嚴峻，近期病例激增至近七千例，美國已因此發出二級旅遊警示。
疫情加劇除因全球暖化導致蚊蟲增加，也可能與當地衛政效率受經濟衝擊影響有關。
屈公病主要症狀為嚴重且持久的關節疼痛，免疫力差或年長者需特別注意。
台灣目前無屈公病疫苗且未規劃引進，但境外移入仍有傳播風險。
專家強調防蚊是預防屈公病及其他蚊媒傳染病的最有效手段，呼籲民眾出國應特別防護。",4小時前
2025-08-04 17:09:34.056743,買星巴克插隊！長輩「狂問一輪咖啡」他不忍了　現場爆掌聲,https://www.ettoday.net/news/20250804/3008697.htm,https://cdn2.ettoday.net/images/8338/d8338970.jpg,"
▲買星巴克被插隊。（圖／翻攝自臉書／狄志為）
記者周亭瑋／綜合報導
資深媒體人狄志為今到星巴克排隊點餐時，突然被一位目測60多歲的長輩插隊；不僅如此，該名老伯接連問遍所有品項的咖啡，連冰的熱的都猶豫半天，後來更加碼詢問冷藏櫃裡的甜點，讓他忍無可忍要求對方「乖乖去後面排隊」，此話一出現場立刻響起掌聲，店員和其他客人也紛紛附和。
狄志為今在臉書提到，剛剛到咖啡店連鎖店買咖啡，眼看剩兩個人就換他了，怎料突然有位60多歲長輩，冷不防地直接插進來，「我咳了兩聲，暗示他怎麼可以插隊，但他充耳不聞，以我息事寧人的個性，就算內心有什麼圈圈叉叉，一定還是覺得算了，這次當然還是一樣。」
後來，輪到該名長輩點餐，他每種咖啡都問店員一遍，又猶豫老半天，連冰的、熱的都拿不定主意，最後更加碼問一輪櫥櫃裡的蛋糕。眼看店員臉都要綠了，還得熱情介紹，此時狄志為忍不住開口道，「先生，你剛剛插我的隊，我以為你是急、趕時間，不想跟你計較，但你這樣很浪費大家的時間，難道就不能乖乖地排隊，再去想自己要買什麼嗎？麻煩你排到最後面去，反正你也還沒決定你要點什麼！」
此時，現場瞬間響起掌聲，其他客人紛紛么喝長輩重新排隊，而店員這才知道原來他是插隊的，於是也開口請長輩往後排；最終，老伯悻悻然地離開了。
","資深媒體人狄志為在星巴克排隊時，遭遇一名長者插隊。
該長者點餐時卻猶豫不決，花費大量時間詢問各種咖啡與甜點。
狄志為忍無可忍，當場要求對方回到隊伍後面重新排隊。
此舉獲得現場其他顧客和店員的掌聲及支持。
最終，該名插隊的長者悻悻然地離開現場。",4小時前
2025-08-04 17:09:14.620176,中國「屈公病」疫情延燒　疾管署：明公布是否升級旅遊警示,https://health.ettoday.net/news/3008656,https://cdn2.ettoday.net/images/8336/d8336889.jpg,"
▲中國屈公病疫情嚴重，廣東執行滅蚊。（圖／翻攝微博）
記者趙于婷／台北報導
中國廣東省屈公病疫情愈來愈嚴重，近1周暴增近3千例，今年累計已近7千例，引發關注。對此，疾管署表示，預計明天（5日）例行記者會公布是否調高等級。
中國大陸屈公病（chikungunya，又稱「基孔肯雅熱」）病例持續上升，香港也出現個案。但屈公病不只在中國境內，印度病例數增加，且印度洋區域的疫情已經蔓延至歐洲與其他大洲，世界衛生組織（WHO）7月22日已經發出緊急呼籲採取行動，以防20年前席捲全球的大流行再度重演。
針對中國屈公病疫情，美國疾病管制暨預防中心（CDC）對廣東發布二級旅遊警示，我國目前旅遊疫情建議等級則維持一級。疾管署副署長曾淑慧表示，台灣也有傳播屈公病的病媒蚊，且台灣與中國距離很近，加上雨災會增加傳染病風險，要持續監測、密切注意，預計明天例行記者會將公布研析的初步結果。
屈公病是由蚊子傳播的病毒性疾病，可能導致高燒、關節疼痛、肌肉疼痛、頭痛、噁心、疲勞、皮疹，症狀通常會在患者被病媒蚊叮咬後4至8天出現（潛伏期介於2至12天之間），少數患者會有長期關節疼痛，持續數月甚至數年。
而屈公病死亡案例較為罕見，大多數患者感染後可完全康復。不過有少數個案在感染基孔肯雅病毒之後，出現眼部、心臟、神經系統併發症。高風險族群為新生兒與罹患潛在健康問題的長者，因有器官損傷與死亡風險，重症患者需要住院治療。
",中國廣東省屈公病疫情嚴峻，今年累計病例已近七千例。世界衛生組織已發出緊急呼籲，擔憂疫情擴散恐重演二十年前全球大流行。台灣疾管署正密切監測，並預計明日宣布是否調升對中國的旅遊疫情建議等級。屈公病為蚊子傳播的病毒性疾病，主要症狀包括發燒、關節疼痛等。儘管死亡案例罕見，但新生兒和長者等高風險族群仍可能出現嚴重併發症。,4小時前
2025-08-04 17:08:53.943782,快訊／大雷雨炸5縣市　持1.5小時,https://www.ettoday.net/news/20250804/3008749.htm,https://cdn2.ettoday.net/images/8309/d8309921.jpg,"
▲西南風減弱，今日部分地區仍有大雨。（示意圖／記者呂佳賢攝）
生活中心／綜合報導
中央氣象署今（4日）中午12時39分針對彰化縣、雲林縣、嘉義市、嘉義縣、台南市發布大雷雨即時訊息，持續時間至下午2時15分，請慎防劇烈降雨、雷擊、9級以上強陣風，溪（河）水暴漲，低窪地區慎防淹水，以及低能見度。
大雷雨即時訊息示警區域
▲大雷雨即時訊息 。（圖／氣象署提供）
根據氣象署預報，今日西南氣流減弱，降雨將逐漸趨緩且雨停的空檔增加，不過在大環境偏西南風影響下，苗栗以南地區仍有短暫陣雨或雷雨，並有局部大雨或短延時豪雨發生的機率，其他地區大多為多雲的天氣，午後新竹以北及東半部有局部短暫雷陣雨，大台北地區及北部、宜蘭山區午後降雨機率高。
","中央氣象署今日發布大雷雨即時訊息，影響彰化、雲林、嘉義及台南地區。
此警示將持續至下午2時15分，提醒民眾慎防劇烈降雨、雷擊與強陣風。
同時須留意溪水暴漲、低窪地區淹水及能見度降低等狀況。
雖然西南氣流減弱使降雨趨緩，但苗栗以南地區仍有短暫陣雨或雷雨。
午後新竹以北及東半部，包含大台北及北部、宜蘭山區，亦有局部短暫雷陣雨發生機率。",4小時前
2025-08-04 17:08:32.606221,日本火紅景點「台灣情侶1舉止」　警察、居民都怒了！她噴：很丟臉,https://www.ettoday.net/news/20250804/3008729.htm,https://cdn2.ettoday.net/images/6796/d6796988.jpg,"
網搜小組／劉維榛報導
不少人去日本鎌倉旅遊時，一定會朝聖動漫「灌籃高手」晴子和櫻木花道巧遇的場景。不過有網友傻眼表示，直擊一對情侶短短5分鐘狂衝路中央取景拍照，無視警察勸阻，就連附近居民也動怒，令原PO搖頭直呼「難怪最近日本人越來越討厭會說中文的人！」
「到現在還是覺得很生氣很丟臉！」一名女網友在Dcard表示，她到鎌倉旅遊時，看見一對情侶違規站在馬路中央拍照，但當時路上有車輛正在通行，日本警察站在路中央苦口婆心勸導「不能在馬路中間拍照」，但這對情侶卻完全不理會。
過程中，女生還明目張膽地說「警察現在沒在注意，快（點）！」男友只能不斷衝到馬路中間幫拍照，導致車輛頻頻按喇叭警示，警察也只能揮著警棍要他們走回馬路邊。
更誇張的是，這樣的情況在短短5分鐘內竟重複三到四次，只因為拍得不夠好看，最後連日本人都看不下去，原PO搖頭直呼，「這對情侶已經白目到附近的居民都過來兇他們了...也沒有要收斂的意思。」
原PO也無奈說道，這對情侶頻頻擋在中間拍照，導致大家怎麼拍照都會拍到他們，「難怪日本人越來越討厭會說中文的人，完全不意外欸...一起遵守規則真的不好嗎？」
底下網友回應，「就是這種低水準的人，才讓越來越多日本人對講中文的遊客反感」、「到底臉皮多厚？警察都已經出來阻止...還可以繼續拍照」、「富士山那個網紅路口也是，一堆講中文的人硬要擋路拍照，不理會警察驅趕 很丟臉，台灣人、中國人都有」、「難怪台灣人會被日本、南韓歧視」、「去年去過才知道那邊超亂，辛苦那邊的大哥用不標準的中文不斷跟觀光客說『危險』，但其他人還是趁隙衝上去拍照」。
",一對情侶在日本鎌倉「灌籃高手」平交道取景時，多次衝到馬路中央拍照。他們不顧交通危險，無視日本警察勸阻，甚至惹怒當地居民。此行為導致車輛受阻，影響他人拍照，也讓目擊者感到憤怒與丟臉。網友紛紛譴責這種低水準行為，認為嚴重損害華語遊客的形象。事件反映部分遊客缺乏公德心，導致日本人對說中文的旅客日漸反感。,4小時前
2025-08-04 17:08:12.692691,帥哥同事母單3X年想戀愛「卻打槍4女同事」！她想進攻　一票搖頭,https://www.ettoday.net/news/20250804/3008751.htm,https://cdn2.ettoday.net/images/6718/d6718080.jpg,"
記者施怡妏／綜合報導
一名女網友表示，公司有一位外型出眾的男同事，身高175公分左右，個性溫和、工作態度認真，但幾乎不會跟女同事交流，積極進攻的4位女同事都被拒絕了，其實對男同事心動很久了，很猶豫要不要進一步認識，也好奇條件這麼好的男生，為何會一直單身？貼文掀起熱論。
女網友在Dcard發文，「男同事長得頗帥但一直單身？」男同事長相帥氣、五官分明，身高大約174到176公分，工作上表現認真，個性也十分溫和親切，不菸不酒，但幾乎不太會跟女同事交流；據其他男同事透露身材很不錯，也有想交女朋友的打算，「我們都覺得這不可能單身3x年啊，大問號，不過已經確定是單身，甚至應該是母單。」
原PO透露，帥哥同事在辦公室很有魅力，有4位女同事積極主動，但都無法打動他，甚至有男同事和男實習生也都曾經嘗試接近，也是失敗收場。原PO坦言，自己其實也對帥哥同事心動很久，「對他蠻暈的」，不過，男同事平常工作相當忙碌，在公司很難遇到，就算碰到也沒什麼機會聊天。
更讓人無奈的是，認識帥哥同事3年了，原PO連對方的私LINE都沒有，加上男同事幾乎不用IG，想透過社群媒體上進一步認識也無法，「到底該怎麼做啊？」
貼文曝光，掀起網友討論，「通常不會有人想跟同事在一起，三年了，男生沒興趣就是沒興趣」、「有可能心裡有人或是眼光很高，或是跟辦公室的人在一起，但要低調就說自己單身」、「首先辦公室戀情多數沒好下場，而且私生活，他沒必要跟三姑六婆說太多，等等一堆造謠、謠言」、「傳說中的草食男阿，一般女孩子沒招能對付，也不想談戀愛，嫌麻煩」。還有網友勸原PO放棄，「我帥同事6-7年單身了，拒絕不知道多少人了。」
",一名女網友對公司一位外型出眾、個性溫和的男同事感到好奇，因他條件極佳卻長期單身。該男同事幾乎不與女同事交流，甚至有四位積極追求的女性都遭拒絕。原PO坦承對他心動已久，卻苦於難以接觸，連私訊方式都無法取得。網友們推測他可能迴避辦公室戀情、眼光高，或是屬於不願談戀愛的「草食男」。許多人勸原PO放棄，認為他可能對辦公室戀情沒興趣或是有其他考量。,4小時前
2025-08-04 17:07:52.210667,航空業子公司薪情不如預期　工會籲設「空港服務費」分紅員工,https://www.ettoday.net/news/20250804/3008757.htm,https://cdn2.ettoday.net/images/8339/d8339014.jpg,"
▲桃園市產業總工會今前往交通部抗議，交通部航政司科長王世寧代表接下陳情書。（圖／記者周湘芸攝）
記者周湘芸／台北報導
疫後旅遊人數持續成長，但桃園市產業總工會今天前往交通部前抗議指出，航空業看似「薪情佳」，實際上許多子公司薪資待遇不佳，員工長期處於低薪、沒有升遷機會，要求交通部設立「空港服務費」，提撥一定金額給基層員工。
今年暑假桃園機場總運量預估將達853萬人次，破歷年新高，疫情暴增的出國旅客更為航空公司帶來亮眼營收，但桃園市產業總工會指出，對於在機場工作的勞工來說，勞動環境卻沒有同步提升。
桃園市產業總工會表示，過去政府以「商港服務費」作為推動基層福利的手段，由該年度收取的商港服務費提撥千分之五，運用於提升港口相關工會人力服務品質。而從業人口更多的航空業與機場勞工卻沒有相應的措施，因此要求交通部研議設立「空港服務費」，照顧航空業與機場基層勞工。
桃園市產業總工會也說，航空業需要不同類型公司共同合作，但以交通部投資或是華航集團內部而言，其子公司的薪資結構卻長期沒有實質檢討，且部分公司刻意壓低底薪，並以各種名目獎金與津貼來支應，造成勞工年終獎金等酬勞不如表面優渥的狀況。
另外，桃園市產業總工會指出，今年立法院三讀通過增加國定假日，而近10年機場的勞動條件與勞權保障，在台灣是重要的領先部門，呼籲交通部協調兩大民營航空公司及其屬子公司，共同推動127天國定假日，改善機場廣泛勞權。
桃園市產業總工會也說，目前桃園國際機場內各項工程正在規劃擴建，但卻始終沒有將廣大機場員工的通勤需求納入考慮，造成眾多勞工在機場內的停車位嚴重不足，盼交通部協助解決問題。
交通部航政司科長王世寧今代表接下陳情書表示，將針對空港服務費等訴求可行性進行研議，改善勞工工作環境。
",桃園市產業總工會今赴交通部抗議，指出航空業子公司薪資普遍偏低，要求政府設立「空港服務費」以提撥資金照顧基層員工。工會表示，儘管航空業營收亮眼，但許多基層勞工的勞動條件並未同步提升，且部分子公司刻意壓低底薪。他們也呼籲協調推動機場員工適用127天國定假日，並解決機場擴建後嚴重的員工停車位不足問題。工會強調，過去已有「商港服務費」的成功案例可供參考，航空業應比照辦理以提升勞工福利。交通部航政司代表接下陳情書，承諾將針對設立空港服務費等訴求的可行性進行研議。,4小時前
2025-08-04 17:07:29.519727,趁淡季住板橋5星飯店　3780元起贈TWG泰迪軟糖、造型泡澡球,https://travel.ettoday.net/article/3008755.htm,https://cdn2.ettoday.net/images/8339/d8339016.jpg,"
記者彭懷玉／綜合報導
暑假是雙北都會型飯店的淡季，業者紛紛祭出優惠刺激買氣，對消費者來說也是撿便宜好時機。坐落於板橋市中心的新板希爾頓酒店，平日入住希爾頓客房每晚僅3,780元起，加贈TWG Tea全球首創的「茶香泰迪軟糖」、「泰迪造型泡澡球」。
▲新板希爾頓酒店希爾頓客房。（圖／業者提供）
暑假已過半，瞄準親子族需求，台北新板希爾頓酒店以「泰迪熊」為主題，推出期間限定的「Bubbly Bearcation」夏日住房專案。即日起至9月30日，平日入住希爾頓雙人房每晚3,780元起，三人客房每晚5,580元起、家庭四人客房每晚6,030元起（以上價格未含10%稅與5%服務費），入住即贈奢華茶葉品牌TWG Tea全球首創的「茶香泰迪軟糖」，以及BATHDAY專屬設計的「泰迪造型泡澡球」，營造大人放鬆、小孩放電的輕奢旅宿假期。
▲Bubbly Bearcation專案送TWG Tea「茶香泰迪軟糖」、BATHDAY的「泰迪造型泡澡球」。（圖／業者提供）
除了兩項入住驚喜，飯店頂樓設有高空無邊際泳池，四周棕櫚樹環繞，泳池旁更配置多張躺椅，讓大人們在孩子戲水之餘獲得片刻清閒，猶如置身於城市中的度假村。
▲入住台北遠東香格里拉尊榮客房以上房型，送香氛能量按摩課程一次。（圖／業者提供）
另外，為搶攻七夕情人節浪漫商機，台北遠東香格里拉即日起規劃「舒活煥新Spa之旅」住房專案，為戀人打造全方位的寵愛假期。業者指出，凡預訂尊榮客房以上房型，即贈送價值2,200元的施舒雅SOCIÉ Spa「單人30分鐘香氛能量按摩課程」，專案亦含雙人早餐及迎賓特調，並可使用頂樓景觀泳池等設施，每晚11,200+15.5%元起。
","暑假是雙北都會型飯店的淡季，業者紛紛推出優惠刺激買氣。新板希爾頓酒店即日起至9月30日，平日雙人房每晚3,780元起，推出「Bubbly Bearcation」夏日住房專案。此專案贈送TWG Tea茶香泰迪軟糖與泰迪造型泡澡球，並可使用高空無邊際泳池。台北遠東香格里拉則針對七夕情人節，規劃「舒活煥新Spa之旅」住房專案。凡預訂尊榮客房以上房型，即贈送單人30分鐘香氛能量按摩課程，每晚11,200元起。",3小時前
2025-08-04 17:07:08.712427,父親節不只是慶祝　更是一場專屬爸爸的煥新升級,https://www.ettoday.net/news/20250804/2996840.htm,https://cdn2.ettoday.net/images/8336/8336032.jpg,"
消費中心／綜合報導
用科技寵爸！父親節，讓驚喜不再只有皮帶與刮鬍刀
父親節將至，皮夾、皮帶、刮鬍刀早已送過一輪，卻總覺得少了點驚喜感？其實，現在的爸爸不只是家庭的支柱與工作的前線，更懂得「顧自己」。隨著醫學美容的普及與男性保養意識抬頭，逆齡早已不再是女性的專利。從瓶瓶罐罐的日常保養，到結合醫療科技的進階保養，越來越多男性開始透過醫美療程來提升氣色、重拾自信，也讓父親節的禮物，有了更多意義與可能。
宜人美學診所最懂男人心：「黃金男子漢電波季」登場
今年父親節，台中宜人美學診所推出專屬男性的「黃金男子漢電波季」，以最新電波科技—海芙電波 Volnewmer，為爸爸們量身打造輕鬆客製的保養方案。主打「無傷口、零修復期、效果看得見」，療程時間短、過程舒適，午休就能完成，不影響工作與生活節奏。
陳世宜醫師指出：「男性肌膚本就比女性厚、膠原密度高，但一旦老化，鬆垮下垂會更明顯，因此更需要提早管理與保養」，過去許多男性對電波療程感到畏懼，擔心疼痛或效果不自然，但實際體驗海芙電波後，普遍反映效果顯著，不僅輪廓緊緻、氣色提升，也讓整體精神感更佳，療程滿意度高、對這類醫美輕保養的接受度與信心明顯提升。
緊輪廓、提眼神，海芙電波全臉客製保養一次到位
海芙電波有別於傳統電波療程，首度採用黃金鍍層探頭，搭配收邊式設計與彈性主動貼合技術，使能量更貼合男性立體臉型與厚實肌膚，搭載「連續脈衝技術」與「不間斷水冷系統」兩大核心技術，能維持熱能穩定輸出，同時保護表皮、降低不適感。更內建五段式震動減痛功能與六段冷卻系統，能根據患者的反應靈活調整，療程過程更安全、舒適，真正做到個人化的電波保養療程。
除了臉部輪廓管理，越來越多男性也開始關注眼周老化問題，隨著年齡增長與長時間使用3C產品，眼周容易出現細紋、暗沉，使整體精神感打折。陳世宜醫師表示，對此，海芙電波也有配置眼周專屬探頭，搭配宜人美學診所獨特的新式分層打法，短時間就能撐提眼尾、改善疲態！
眼周是決定視覺年齡的關鍵，往往也是第一眼就被注意的地方，對男性而言，與其追求過度改變，更多時候在意的是「看起來有沒有精神、有沒有元氣」。透過適當的眼周電波保養，就能在細節中提升整體氣色與印象分。
今年父親節，不妨送出一份真正為爸爸量身打造的驚喜——年輕與自信。從輪廓緊實到眼神有神，「黃金男子漢電波季」為爸爸開啟一場輕鬆客製的煥新升級。讓他不只是堅強的角色，更是在鏡子前閃閃發光的自己。
附註：本篇圖片提供宜人美學診所
",父親節將至，男性醫美保養意識抬頭，成為送禮新選擇。台中宜人美學診所推出「黃金男子漢電波季」，專為男性打造海芙電波療程。海芙電波主打無傷口、零修復期，能有效緊緻輪廓、提升氣色與自信。獨特黃金探頭與技術，確保療程舒適安全，並有專屬眼周探頭。送爸爸一份年輕與自信，讓他重拾光采，是今年父親節的驚喜獻禮。,3小時前
2025-08-04 17:06:47.749594,7-11寄杯咖啡買8送8！爸爸節空運石斛蘭開賣　全聯保健品買1送1,https://www.ettoday.net/news/20250804/3008715.htm,https://cdn2.ettoday.net/images/8339/d8339082.jpg,"
▲7-11父親節咖啡優惠「買8送8」。（圖／業者提供）
記者林育綾／台北報導
迎接父親節，超商及超市紛紛推出好康！7-ELEVEN空運進口「爸爸節之花石斛蘭」將在8月5日至8月8日限時開賣；門市也有CITY指定咖啡飲品「買2送2」，OPENPOINT行動隨時取更推出「LOVE DAD」寄杯優惠，特選美式或拿鐵、琥珀小葉紅茶等「買8送8」，每日限量搶。
▲7-11空運進口「爸爸節之花石斛蘭」將在8月5日至8月8日限時開賣。（圖／業者提供）
★7-ELEVEN
●「LOVE DAD」咖啡買8送8
7-11即日起至8月9日，在APP「OPENPOINT 行動隨時取」推出「LOVE DAD」活動，多組咖啡買8送8，或多杯888元，限量開賣： 
▲▼7-11「OPENPOINT 行動隨時取」咖啡飲品優惠。（圖／業者提供）
●爸爸節限量「空運石斛蘭」
迎接父親節，7-ELEVEN自8月5日至8月8日，門市販售「空運進口石斛蘭」單支售價188元。石斛蘭象徵剛毅與溫柔並存的父愛，被譽為「父親之花」，此次選用由泰國進口的「銀河」品種石斛蘭，搭配「Love Dad」精緻主題花盒。
門市同步推出CupiCho精品巧克力加價購，凡購買「空運進口石斛蘭」，再加愛頓博格金韻綜合酒心巧克力禮盒，加價購388元（原價420元）；美仕格威士忌酒心巧克力禮盒加價購188元（原價220元）。
▲7-11門市販售「空運進口石斛蘭」單支售價188元。（圖／業者提供）
●父親節全店會員活動
7-11自8月6日至8月10日全店會員優惠，買全店指定商品，會員結帳金額「滿222元送22元」優惠券（不含哈根達斯、菸、服務性商品、黃金、3C、行動隨時取、7-ELEVEN i預購及預購等）。
Uniopen會員購買全店指定商品，單筆結帳金額滿888元（含）以上，OPENPOINT基本點數10倍送，每會員活動期間回饋上限200點。（不含哈根達斯、菸、服務性商品、黃金、3C、行動隨時取、7-ELEVEN i預購及預購等），活動採事後給點，可使用至10月。
▲7-11父親節全店優惠。（圖／業者提供）
消費滿1111元，加碼再送「贈品3選1兌換券」、「星巴克買1送1券」，指定贈品3選1包括：得意廚房紙巾70抽(6捲入)1串、NF蘆薈保濕舒緩噴霧150ml、旺寶濕巾20抽（中發2入組）X3包。
另外，韓國熊津紅蔘飲系列「任選買1送1」；CITY系列指定商品「買2送2」，包括：CITY CAFE特選美式／特選拿鐵、CITY TEA琥珀小葉紅茶、黑糖珍珠撞奶，同品項不限冰熱「買2送2」。
★全聯
全聯即日起至8月14日迎接父親節，推出「健康百分爸」檔期，集結「濃縮精補品」與「功能性保健食品」多重優惠，包括滿額現折、2件更省、買1送1、品牌回饋等。
▲全聯父親節精補品優惠。（圖／業者提供）
濃縮精補品指定品項，單筆滿1088元，現折100元，推薦品項包括：
▲全聯父親節期間，保健品優惠。（圖／業者提供）
功能性保健品即日起至8月14日，每周六日一單筆滿888元，現折100元。還有多項兩件更省、買1送1，推薦品項包括：
","迎接父親節，7-ELEVEN推出OPENPOINT咖啡「買8送8」寄杯優惠，並限時販售空運進口「父親節之花石斛蘭」。
門市CITY指定飲品享「買2送2」，會員消費滿額則有折扣券或點數加倍送等全店優惠。
全聯超市則響應父親節，推出「健康百分爸」檔期，集結各式滋補品與保健食品促銷。
全聯濃縮精補品單筆消費滿1088元可現折100元，涵蓋多款精選商品。
功能性保健品在指定日期滿888元亦享現折，還有多項買一送一或兩件更省的優惠。",3小時前
2025-08-04 17:06:26.158744,高雄山區部落成孤島　交長裁示「3日內搶通」最快明開放通行,https://www.ettoday.net/news/20250804/3008788.htm,https://cdn2.ettoday.net/images/8339/d8339148.jpg,"
▲工程人員回填路基避免遭雨勢土石及溪流沖刷掏空。（圖／交通部提供）
記者周湘芸／台北報導
西南氣流影響，中南部連日降下超大豪雨，多處道路阻斷。交通部長陳世凱今南下高雄市桃源區寶來地區勘災，由於那瑪夏、桃源仍有部分地區因道路阻斷成為孤島，他當場裁示，公路局以「3日內搶通維生通道」為目標，最快明天傍晚搶通。
受竹節草颱風外圍環流及西南氣流影響，高雄山區從7月28日起持續強降雨，尤其30日當晚時雨量更高達86毫米，日累積雨量748.5毫米，長時間的強降雨造成下邊坡路基沖刷淘空，79k及81k坍方處路基流失，之後路面無預警塌陷造成路基缺口，分別有30公尺及40公尺，目前已搶通開放單線雙向通行。
陳世凱表示，7月28日起中南部地區降下超大豪雨，其中高屏山區累積雨量逼近3,000毫米，已經超過莫拉克風災雨量，台20、台29線多處道路發生邊坡滑移、路基流失，甚至土石流，損害非常嚴重。
陳世凱指出，目前桃源、那瑪夏仍有幾處孤島，雖然戰備存糧沒有問題，但仍要求公路局以「3日內搶通維生通道」為目標，確保醫療、物資與救援車輛可以進出，預計最快明天傍晚可以搶通，同時盤點中、長期計畫與爭取行政院「丹娜絲颱風災後復原特別條例」經費，以強化山區道路韌性與安全。
針對民生橋、勝境橋等部落重要對外橋梁，陳世凱也說，會加快加固清疏與後續修復，並提醒搜救及搶災人員，在投入搶災過程中務必注意自身安全，要在「人員安全優先」的前提下全力搶修。
▲交通部長陳世凱今南下高雄市桃源區寶來地區勘災。（圖／交通部提供）
","西南氣流影響下，中南部連日豪雨造成多處道路阻斷，高雄山區部分地區淪為孤島。
交通部長陳世凱南下桃源區勘災，指出高屏山區累積雨量已超越莫拉克風災。
部長要求公路局以三日內搶通維生通道為目標，確保醫療與物資運補。
預計最快明天傍晚可搶通部分主要路段，以利受困地區對外聯繫。
同時也將盤點中長期計畫爭取經費，並提醒搶修人員務必注意自身安全。",3小時前
2025-08-04 17:06:04.417459,批八炯「自嘲納粹」只會嚇跑台人！Cheap：離民意這麼遠還不知,https://www.ettoday.net/news/20250804/3008804.htm,https://cdn2.ettoday.net/images/8159/d8159349.jpg,"
▲網紅八炯。（圖／記者湯興漢攝）
記者鄺郁庭／綜合報導
反共挺罷免網紅「閩南狼」陳柏源3日爆料，戰友八炯私下曾說「研究納粹如何操控群眾反共」、設立「納粹衝鋒隊發起革命」等言論。八炯今（4日）火速道歉，解釋是私下跟朋友自嘲，他已深刻反省。對此，百萬網紅Cheap不解直呼，自稱是民主鬥士，卻學納粹演講，這根本只會嚇跑台灣人。
針對閩南狼和八炯爭議，Cheap在粉專以「#納粹不能碰」為題發文，文中直呼傻眼，「納粹是人類歷史的地獄代名詞，絕對不能碰的，自稱是民主鬥士，卻學納粹演講？說自己是台派，卻崇拜極權？」這樣的行為不是把中國嚇跑，而是把台灣人嚇壞，「用納粹的手段去反共，最後只會像納粹一樣，毀掉自己、也毀掉台灣。」
他也直言，極端言行只會把中間選民推開，最終連自己也被選民拋棄，「不就是我之前講的，極端嚇跑了中間選民，失敗了還在檢討一萬塊」，並直嘆「難怪一開始會預測可以罷免10~15個，離民意這麼遠還不知道。」
針對爆料，八炯錄製影片回應，從開始反共以來，至今時常被藍白陣營甚至中共陣營貼上納粹的標籤，這不只有現在，面對這種攻擊，自己也不知道怎麼闢謠了、該如何自證。年中的時候，辦了一場419集會，那時候因為壓力、心情低落，所以私下也會跟朋友自嘲「對啊我就是納粹」，因為反正已經撕不掉這樣的一個標籤。
八炯指出，雖然是朋友、好兄弟底下的開玩笑，但後來在更多其他友人提醒下，知道這個連私下開玩笑、自嘲都不行，所以自己深刻反省，意識到這樣的說法非常不妥。八炯提到，這次罷免失敗，自己也反省很多，外界可能認為激進、分裂，但說實話，參加過這麼多次街頭宣講，看到罷團志工被欺負很不捨。
八炯說，自己只是希望幫自己人說一些話、替他們擋一點風險，大家要罵可以罵他，他可以罵回去。投票前有人提醒過他，或許自己用錯了方式，試圖用自己認為的方式去幫助大家，可能大家認為走得太快、方向是錯的，沒有注意到身後有人跌倒，有時候太想要保護別人，反而傷害到自己或其他人。
最後，八炯強調，但自己會記住這些經驗，學得怎麼樣走得更遠更穩，如果大家認為他的方式太激進，未來會減少一些線下活動，但他依然會繼續跟過去一樣在YouTube 上製作反共影片，保持初衷、至死不變，繼續的遊走海外，拉攏更多、團結更多反共中國人。
",網紅「閩南狼」爆料戰友八炯曾私下談論研究納粹手段反共，引發爭議。八炯隨後道歉，解釋那些是私下壓力下帶有自嘲的言論，並已深刻反省。百萬網紅Cheap痛批，自稱民主鬥士卻學納粹，只會嚇跑台灣人。八炯表示因長期被貼納粹標籤，心情低落才如此自嘲，現已知即使私下也不妥。他承諾將從經驗中學習，未來可能減少線下激進活動，但會繼續製作反共影片。,2小時前
2025-08-04 17:05:42.656341,又有新颱風醞釀中！生成機率曝　賈新興：預測路徑恐逼近台灣,https://www.ettoday.net/news/20250804/3008806.htm,https://cdn2.ettoday.net/images/8339/d8339190.jpg,"
▲下週菲律賓東方海面可能有新的熱帶系統發展，不排除成為颱風。（圖／翻攝自Facebook／觀氣象看天氣）
圖文／CTWANT
中央氣象署指出，今（4）日西南氣流減弱，降雨將逐漸趨緩且雨停的空檔增加，不過在大環境偏西南風影響下，苗栗以南地區仍有短暫陣雨或雷雨，並有局部大雨或短延時豪雨發生的機率。對此，氣象粉專指出，4日西南風減弱但水氣多，5日起雨勢緩和，6至10日太平洋高壓籠罩台灣，天氣趨穩。預計4天後，菲東海面週末有60至70%機率生成熱帶系統或熱帶性低氣壓。
氣象粉專「觀氣象看天氣」發文指出，8月4日西南風減弱、但水氣仍豐沛，而本周隨著8月5日西南風北抬並逐漸減弱，台灣各地雨勢轉趨緩和。預計8月6日開始太平洋高壓將向西北籠罩台灣，6日至10日副高籠罩各地、天氣普遍穩定，「而南海到菲東一帶就成為相對低壓區，開始有熱帶系統發展訊號！」
粉專續稱，預計4天後，根據歐洲系集模式資料分析，菲律賓東方海面在本週末有60%至70%機率形成熱帶系統或熱帶性低氣壓，「8月10日之後可以開始留意熱帶擾動發展狀況及移動方向了。」
▲根據歐洲系集模式資料，時間接近本週末時。（圖／翻攝自Facebook／賈新興）
台灣整合防災工程技術顧問公司總監賈新興今早也指出，8月14日至18日期間，南海及菲律賓東方海面有高度機會發展出低壓系統，目前預測路徑可能接近台灣，但由於後期預報資料仍存在較大變數，各界需持續關注最新動態。
與此同時，本週台灣天氣型態將以典型的夏季午後西北雨為主，未來10天東亞主要降雨帶將北移至日本及韓國，其中日本九州地區可能出現劇烈雨勢，因此賈新興提醒，計畫前往當地的旅客應提高警覺，隨時留意天氣預報及可能發布的災害警示。
","台灣西南氣流減弱，今日起降雨趨緩，6日至10日太平洋高壓籠罩將使天氣趨於穩定。
氣象單位指出，菲律賓東方海面週末有6至7成機率生成熱帶系統或熱帶性低氣壓。
預計8月10日之後需留意熱帶擾動的發展與移動方向。
另有專家預測，8月14日至18日南海及菲東也可能發展出低壓系統，不排除接近台灣。
近期熱帶系統後期預報變數仍大，民眾應持續關注最新氣象資訊。",2小時前
2025-08-04 17:05:21.975951,快訊／內湖熱飆38.2度　北市高溫「紅色警戒」,https://www.ettoday.net/news/20250804/3008822.htm,https://cdn2.ettoday.net/images/7218/e7218165.jpg,"
▲中央氣象署發布高溫警示。（示意圖／ETtoday資料照）
生活中心／綜合報導
中央氣象署針對3縣市發布高溫警示，因西南風沉降影響，天氣高溫炎熱，今（4）日白天台北市為紅色燈號，有連續出現38度極端高溫的機率；基隆市為橙色燈號，有連續出現36度高溫的機率；新北市為黃色燈號。根據氣象署觀測，北市內湖今日最高溫來到38.2度。
氣象署提醒，民眾應減少戶外活動及勞動，避免劇烈運動、注意防曬、多補充水份、慎防熱傷害；在室內保持通風及涼爽，適時採取人體或環境降溫的方法，如搧風或利用冰袋降溫等；另也要適時關懷老人、小孩、慢性病人，減少長時間處在高溫環境。
▲氣象署高溫警示地圖。（氣象署提供）
資料來源：氣象署
","中央氣象署發布高溫警示，提醒民眾注意防範。
受西南風沉降影響，台北市為紅色燈號，恐出現連續38度極端高溫。
基隆市為橙色燈號，可能出現36度高溫；新北市則為黃色燈號。
氣象署觀測到，今日台北內湖最高溫已達38.2度。
提醒民眾減少戶外活動、多補充水份，並注意防曬及防範熱傷害。",2小時前
2025-08-04 17:05:00.437675,洋蔥切開「變茶色」還能吃嗎？　專家：恐是細菌入侵！,https://www.ettoday.net/news/20250804/3008493.htm,https://cdn2.ettoday.net/images/8338/d8338511.jpg,"
圖文／CTWANT
洋蔥是許多家庭餐桌上不可或缺的日常食材，但不少人都有過切開後發現內層變成茶色的經驗。熟悉洋蔥栽培的兵庫縣立農林水產技術綜合中心表示，這種情況多半與一種名為「鱗片腐敗病」的病害有關。
根據《每日新聞》報導，鱗片腐敗病是由土壤中的細菌引起，通常在洋蔥生長過程中，莖部若出現傷口並沾上泥土，細菌便會藉此入侵。特別是在雨水多、氣候變化大的年份，病害發生的機率更高。
當腐敗嚴重時，洋蔥頸部會滲出汁液，外觀上就能辨別，但若腐敗程度較輕，單憑外表很難發現。即便生產與出貨時會嚴格檢查，病害仍可能在收穫後的儲藏或家庭保存階段持續惡化。
農林水產技術綜合中心工作人員表示，若只是部分鱗片變色或腐爛，將異常部位完全去除後仍可食用。但由於除了原本的致病菌外，腐爛組織上還可能滋生其他微生物，若腐敗程度明顯擴散，最好直接丟棄，以免增加風險。
至於是否會引發食物中毒，有專家解釋，若攝取量不多或經過加熱烹調，危險性相對較低，但若是生食，尤其在腐敗狀態下，則存在中毒的可能，需要格外謹慎。
在日常保存方法上，專家建議將洋蔥放置在通風良好、避開陽光直射的位置，例如屋簷下等地方。相反地，若將洋蔥密封在塑膠袋中並因溫差產生水珠，就容易造成細菌滋生。去皮的洋蔥應該冷藏，切碎後則可放入冷凍保存，無論哪種方式，都應盡快使用完畢，以保持最佳品質與安全性。
",洋蔥切開內層變茶色，主要由於「鱗片腐敗病」造成，此病多因土壤細菌從傷口入侵。病害在多雨或氣候變化大的年份更易發生，輕微變色可去除後食用。但若腐敗嚴重擴散，應直接丟棄以避免風險。專家指出，生食腐敗洋蔥可能導致中毒，經加熱則風險較低。建議將洋蔥存放在通風避光處，避免密封，並盡快食用。,2小時前
2025-08-04 17:04:39.469939,快訊／雨還沒下完！大雷雨炸3縣市「國家警報響」,https://www.ettoday.net/news/20250804/3008825.htm,https://cdn2.ettoday.net/images/7925/d7925767.jpg,"
▲中南部今日仍有大雨或豪雨。（示意圖／記者李毓康攝）
生活中心／綜合報導
中南部雨還沒下完！中央氣象署今（4日）下午2時34分針對嘉義縣、台南市、高雄市發布大雷雨即時訊息，持續時間至下午3時30分，請慎防劇烈降雨、雷擊，溪（河）水暴漲，坍方、落石、土石流，低窪地區慎防淹水，以及低能見度。
大雷雨即時訊息示警區域
▲大雷雨即時訊息 。（圖／氣象署提供）
氣象署下午2時35分也針對嘉義縣草山溪（葫蘆谷）、台南市後堀溪（千層岩瀑布）發布山區暴雨災防告警，持續時間至下午4時34分，此區域已有暴雨或有暴雨發生的機率，留意溪水暴漲並儘速遠離。
▲降雨趨勢。（圖／氣象署提供）
根據氣象署預報，西南氣流減弱，降雨將逐漸趨緩且雨停的空檔增加，不過在大環境偏西南風影響下，今天白天中南部仍有間歇性雨勢，也有大雨或短延時豪雨。其他地區留意午後雷陣雨，大台北、宜花有局部大雨或短延時強降雨。
今晚到明天西南風減弱，太平洋高壓逐漸往台灣延伸，降雨愈來愈少，明天清晨僅中南部偶有零星雨。
","氣象署對嘉義、台南、高雄發布大雷雨即時訊息，並對部分山區發布暴雨災防告警。
今日中南部地區仍有間歇性降雨，恐出現大雨或短延時豪雨。
其他地區需留意午後雷陣雨，大台北、宜花有局部大雨機率。
由於西南氣流逐漸減弱，全台降雨將會逐漸趨緩。
預計今晚至明天降雨量會減少，清晨僅中南部有零星雨勢。",2小時前
2025-08-04 17:04:16.026721,傻眼！拉拉山買32顆水蜜桃「爛24顆」　苦主淚：怪自己太信任,https://www.ettoday.net/news/20250804/3008727.htm,https://cdn2.ettoday.net/images/8338/d8338930.jpg,"
▲網友指出，在拉拉山買8盒水蜜桃，32顆僅8顆是好的。（圖／翻攝自臉書社團《爆怨2公社》）
圖文／CTWANT
疑似被當成盤子！一名網友在臉書公開社團發文控訴，在拉拉山步道附近路邊購入4盒共32顆水蜜桃，未料回到家開箱發現只有8顆水蜜桃沒有爛掉，甚至還有發霉的，讓他氣得說「怪自己太信任老闆」！此事也釣出許多網友直呼「我們也被騙過，買回家打開都爛掉發霉的！」
一名男網友在臉書《爆怨2公社》發文怒控，在拉拉山附近便利商店到神木步道間的路邊，看到一對老夫妻在賣水蜜桃，對方告知「慶祝88父親節」有特價活動，在基於信任的前提下，一口氣買了4盒各裝8顆的水蜜桃，但回家開箱卻看到水蜜桃爛果「慘況」，32顆中竟只有8顆能吃。
原PO直言，這是他第一次買水蜜桃遇到黑心店家，怪自己沒有檢查、怪自己太信任一對老夫妻，也怪自己竟然沒有把店名記住，並直言自己相信台灣的人情味，但卻完全低估「防人之心不可無」這句話的分量。
原PO事後回想，當時購買時，老闆背對著他包裝商品，老闆娘則陪他聊天，還特意用繩子將盒子綁緊。他直呼：「這應該不是第一次這樣做了！」並附上水蜜桃對切後的照片。
▲▼水蜜桃開箱後一堆爛果。（圖／翻攝自臉書社團《爆怨2公社》）
照片曝光後，引起網友熱議，紛紛留言表示「最近天氣極度不穩定，尤其水氣多，水蜜桃不能碰，水果會退甜，還容易爛，不過你這個是碰到黑心商人」、「這不是以前的貍貓換太子手法嗎」、「漂亮的朝上看不出來！沒看底部」、「現採水蜜桃水傷，表面暫時是看不出來的，大概半天到一天的時間就爛到外面了」、「水傷很多藏在裡面看不出來」、「之前去拉拉山也是這樣，買回家打開都爛掉發霉的」。
事實上，桃園市農業局曾提醒，復興區拉拉山水蜜桃聞名全台，為維護消費權益，復興區農會特別設計專屬水蜜桃盒，請消費者認明紋面婦女標章；另盒子上皆印有流水編號可溯源，消費者購買時可檢視。非向復興區農會申購的業者，不得使用該專屬桃盒，亦不得包裝販售非復興區出產之水蜜桃。
",一名網友在拉拉山購買32顆水蜜桃，返家後卻發現多達24顆已腐爛發霉，僅有8顆能食用。他控訴遭到黑心店家欺騙，並後悔過於信任未仔細檢查商品。許多其他網友也紛紛留言，表示自己曾有在拉拉山買到爛水蜜桃的受騙經驗。網友推測商家可能使用將爛果藏在下方的手法。桃園市農業局提醒消費者，應認明有紋面婦女標章及溯源編號的專屬水蜜桃盒，以保障自身權益。,2小時前
2025-08-04 17:03:54.842570,純喫茶聯手《膽大黨》超展開！貼紙撕開、直接抽周邊不是夢,https://www.ettoday.net/news/20250804/3008820.htm,https://cdn2.ettoday.net/images/8339/8339240.jpg,"
▲「純喫茶」與《膽大黨》推出期間獨家限定互動抽獎活動，不只有限定周邊，還推出遊戲闖關挑戰排行榜，人人都有機會拿獎。
圖、文／純喫茶提供
今年暑假準備好迎接《膽大黨》的狂潮了嗎？去年度於Netflix創下千萬觀看佳績的霸權動畫《膽大黨》，已經在7月重磅推出《膽大黨》第二季！為迎接這場追番熱潮，台灣國民飲品「純喫茶」驚喜跨界與《膽大黨》強勢推出期間獨家限定互動抽獎活動「趁新鮮大膽Try it」，無論是純喫茶的忠實粉絲、還是《膽大黨》的鐵粉，只要購買純喫茶650ml系列的指定貼紙包裝，將包裝盒上的貼紙撕開，就能登錄序號直接抽活動獨家限定周邊，包含人氣角色公仔及胸章、日本雙人行來回機票等……，還有加碼線上玩遊戲排行前20直接拿限量好禮，絕對讓你這個夏天「喝得爽、玩得嗨、抽得瘋」！
第一重：撕貼紙馬上抽獨家限定周邊、日本機票
第一重「撕貼紙馬上抽」獎品直逼新高度，集結了市面上買不到的《膽大黨》第二季獨家壓克力立牌、獨家《膽大黨》角色造型胸章組，高精度印刷，完美呈現《膽大黨》的主角們變身前後的帥氣形象，還有市價破千元的人氣商品「高速婆婆招財貓公仔」，以作品中人氣角色「高速婆婆」的貓型態為靈感設計，不只造型Q爆吸睛，更被稱為「招財速度快到你來不及反應」的轉運神器，簡直就是粉絲們的夢幻逸品！更特別祭出2名特賞獎日本雙人行來回機票，讓追番熱血延燒到日本動漫聖地！
第二重：挑戰遊戲排行前10名送巨型存錢筒
此外，活動驚喜不只一重！為了讓更多粉絲都有機會把獎品帶回家，純喫茶特別加碼推出第二重玩法「拯救純喫茶」線上挑戰！即使第一重抽獎沒中也別氣餒，還能透過挑戰遊戲直接拿好禮！遊戲以《膽大黨》角色為主題，設計出限時翻牌遊戲，只要完成關卡就能累積闖關次數，晉升排行榜贏得好禮！活動期間排行榜前10名玩家，將獲得超吸睛「高速婆婆PLUS巨型存錢筒」（市值$4,000），放大版本讓你抱著回家超有成就感！而第11至20名玩家也不會空手而回，將可獲得純喫茶零用金，可直接換購純喫茶650ml全系列口味任選，為這個盛夏再添一杯涼感！現在就一起進入味覺記憶空間，衝排行、拚手速、拿獎品！
今夏純喫茶控手速決勝 開啟你的膽大之旅
無論你是「幽靈否定派」或是「宇宙人否定派」，還是每天都要需要喝一瓶的純喫茶的「純喫茶擁護派」！今夏這場純喫茶VS.《膽大黨》「趁新鮮，大膽Try it！」絕對不能錯過！即日起至全台各大超商、量販與指定通路，購買貼有《膽大黨》限定貼紙的純喫茶650ml，撕開瓶身貼紙、輸入序號，一鍵Try起來，獨家限定限量周邊、線上闖關挑戰、日本雙人機票一次大滿足，豐富獎品等你來抽！手速就是關鍵，獎品數量有限，趕快打開純喫茶，開啟你的膽大之旅，趁新鮮、大膽玩出新高度！
",純喫茶與動畫《膽大黨》聯手推出夏季限定互動抽獎活動。消費者購買指定包裝純喫茶，撕開貼紙登錄序號即可參加抽獎。獎項包含獨家周邊公仔、胸章及日本雙人來回機票等豐富好禮。此外，還有線上遊戲排行榜挑戰，前段名次可贏得巨型存錢筒或純喫茶兌換金。活動旨在讓粉絲們在享受飲品的同時，也能體驗《膽大黨》帶來的追番樂趣與中獎機會。,2小時前
2025-08-04 17:03:33.041636,永慶房屋「售屋房價即時算」助屋主快速掌握房屋潛在價值,https://finance.ettoday.net/news/3008835,https://cdn2.ettoday.net/images/8339/8339250.jpg,"
▲永慶房屋的「售屋房價即時算」，幫助屋主快速掌握自身房屋的市場行情。
財經中心／綜合報導
雖然實價登錄已全面揭露成交行情至門牌，讓民眾可以查詢自身住宅周邊的成交行情資訊，但是消費者要從成交行情來判斷自家住宅的潛在價值，仍有難度。為了解決消費者的痛點，永慶房屋運用30餘年累積的經驗和資料庫，並且導入永慶獨有的演算法，推出「售屋房價即時算」服務。民眾只要輸入位於永慶房屋雙北直營區的住宅地址，就能輕鬆掌握房屋的最新行情和區域內的房市動態，讓房市價格資訊變得更透明、更輕鬆可得！
即時更新永慶交易數據　行情試算更貼近市場
永慶房屋「售屋房價即時算」除了運用實價登錄資訊之外，更納入永慶房屋即時更新的成交資料，以及市場上周遭銷售中房屋的開價資料，讓行情試算更貼近市場。永慶房屋業管部協理陳賜傑分析，市場上房屋行情估算的服務，往往只利用政府實價登錄資訊。但是政府的實價登錄資訊因人工作業的關係，通常落後市況1-2個月，並不貼近市場狀況。
但是永慶房屋的「售屋房價即時算」除了利用政府的實價登錄資訊之外，還會每天更新永慶房屋的成交數據！在永慶房屋成交的物件，交屋後便會登錄至資料庫中，使「售屋房價即時算」能夠即時更新房價估算。
除了已經成交的房市資訊之外，永慶「售屋房價即時算」系統，同時將社區周遭正在銷售中的物件的開價納入考量，讓計算出來的參考售價更貼近市場。民眾也可以直接參考周遭房屋目前的開價，對區域房市有更清楚的認知。
陳賜傑更指出，永慶房屋在雙北直營地區擁有數量相當龐大的交易紀錄，這也使得永慶房屋的「售屋房價即時算」不僅能夠更快更新數據、數據來源也更全面，讓房價估算更貼近市場。
▲永慶房屋的「售屋房價即時算」，能夠快速找到永慶在地專家，為房屋行情做出更精準的評估。
快速找到永慶社區專價　讓行情評估更精準
「售屋房價即時算」能夠根據市場脈動出房屋潛在行情，但是每間房屋都有其特色和細節，需要進一步分析判斷。屋主若需要更精準的房價估算，「售屋房價即時算」上也能直接找到長期耕耘社區的永慶房屋經紀人員。只要輸入聯絡資訊和地址，永慶房屋的社區專家就會主動與屋主聯繫，進一步提供更全面詳盡的「誠實售屋企劃書」，並針對屋主房屋的優劣勢做出更精準的評估，並提供客製化的售屋建議。
陳賜傑表示，身為「誠實房仲」的永慶房屋，不斷運用科技實踐「先誠實再成交」理念，讓完整的房市資訊輕鬆可得，保障消費者知的權利。未來永慶房屋也會持續優化便利科技和誠實服務，讓安全、滿意的購售屋服務不斷升級！
",永慶房屋推出「售屋房價即時算」服務，幫助屋主快速掌握房屋市場行情。該服務結合實價登錄、永慶即時成交資料及周邊開價，提供更貼近市場的估算。相較政府實價登錄，永慶系統每日更新內部數據，確保房價資訊更即時準確。屋主可透過此服務進一步聯繫永慶在地專家，獲得客製化且精準的售屋評估。永慶房屋藉科技實踐「先誠實再成交」理念，提升房市資訊透明度與服務品質。,2小時前
2025-08-04 17:03:11.790385,日本網紅來台4次「大讚1現象」　去熱炒店驚呆：真的嚇一跳,https://www.ettoday.net/news/20250804/3008813.htm,https://cdn2.ettoday.net/images/6130/d6130585.jpg,"
網搜小組／劉維榛報導
日本網紅秋山燿平透露，每次海外出差，都會面臨應酬的飯局，甚至還得續攤、KTV等，「一路到沒有末班車才結束。」不料他來台出差4趟，竟發現「台灣竟然沒有應酬文化」，就連去吃台式熱炒店時，見到整個家庭帶小孩一起用餐，「真的嚇了一跳！」
秋山燿平在臉書透露，自從成為公司負責台灣市場的窗口後，先後出差來台四次，讓他最驚訝的是「台灣居然幾乎沒有應酬文化！」
這對身處日本企業文化的秋山燿平來說，簡直是文化震撼，因為在日本不管誰去海外出差，晚上幾乎一定會安排聚餐，而且常常不只一次聚，還會續攤、KTV，一路到沒有末班車才結束。
秋山燿平笑稱，來台洽公這段時間，他一次聚餐都沒參加過，跟其他國家或地區的出差狀況相比，真的讓人覺得超級意外。
事實上，秋山燿平的親弟弟也在台灣駐點工作，他也點頭說道，台灣員工幾乎沒有「喝酒聚會」這個概念，晚上小酌的場合，大多是駐在員彼此之間的聚會。
秋山燿平笑稱，台灣的熱炒文化或許可對應日本的居酒屋，但某次去高雄的「龍鶴家」用餐時，現場景象再次驚呆他，「很多在地人都是全家一起來，還有很多未成年的小朋友，真的嚇了一跳！」
最後，秋山燿平話鋒一轉笑說，雖然是日本人，但自己其實非常討厭強迫參加的下班聚會，現在能負責「0應酬」的台灣市場，讓他直呼非常幸運。
底下網友紛紛回應，「上班是同事，下班不認識」、「應酬=沒有加班費的加班，台灣人大多討厭這種賠本生意」、「老一輩有應酬文化，會上酒店那種，現在應該比較少了，偶爾會有公司小團體聚餐」、「強迫參加確實讓人感到很困擾」、「下班當然是找自己朋友喝，誰要跟討厭的同事強顏歡笑」、「台灣人升遷比較注重在工作表現」。
也有人直呼，「還是有應酬，看工作性質」、「台灣也是有的，只不過僅限於業務職，以我的經驗來說，我常常被邀請去和本社聚餐是常有的啊」、「你來南部看看」、「傳統產業比較有，現在非業務應酬文化比較少了」、「如果是五金工廠的話就很需要應酬了」。
",日本網紅秋山燿平來台出差四次，驚訝於台灣幾乎沒有日本企業常見的「應酬文化」。他表示在日本出差常有聚餐續攤到末班車，但在台灣卻一次都沒參加過。秋山燿平觀察到，台灣員工少有工作上的喝酒聚會，與其弟所見略同。他更驚訝地發現，台灣熱炒店常見闔家用餐，連未成年小孩也一同在場。秋山燿平個人討厭強迫應酬，直呼能負責「零應酬」的台灣市場非常幸運。,1小時前
2025-08-04 17:02:52.581473,八炯遭控學納粹！波特王「魔法對付魔法」69字緩頰　網炸鍋了,https://www.ettoday.net/news/20250804/3008836.htm,https://cdn2.ettoday.net/images/8339/d8339283.jpg,"
▲網紅八炯（左）、波特王（右）。（圖／記者湯興漢攝、波特王IG）
記者周亭瑋／綜合報導
反共挺罷免網紅「閩南狼」陳柏源昨（3）日爆料，戰友八炯走向極端、操弄群眾情緒，甚至模仿納粹煽動民意；對此，當事人親上火線道歉，坦言是私下和朋友自嘲。而網紅波特王也留言緩頰，稱「比較偏向魔法對付魔法啦」，結果一席話被洗版酸爆。
陳柏源昨日在爆料，八炯私下透露，有在研究納粹如何操控群眾反共，這讓他不以為然，認為對方已背離反共初衷，他也在Threads上難過表示，「我已經付出全部，沒有退路；但當我看見這場運動被拖向極端，我只能做出最痛苦的決定，把真相說出來。這不是攻擊誰，這是守護我們最初的信仰。」
▲波特王留言緩頰。（圖／翻攝自Threads）
影片、PO文一出，讓輿論瞬間炸鍋，波特王則一頭霧水，留言直呼「看不懂了，這是哪一齣？但我仔細看你們的對話，八炯的用意也還是反共，只是他覺得可以參考過往歷史經驗，我認為比較偏向魔法對付魔法啦，總之希望你們倆好好溝通。」
然而，這番話再度引爆爭議，大票網友洗版怒回，「用魔法對付魔法哈哈哈哈哈哈哈哈，到底在講什麼東西，要笑死」、「我的天啊！台灣讓你們這樣搞下去，還得了？」「是非對錯胡亂弄，真虧你講得出來」、「你的歷史真可笑」、「這叫參考過往歷史？魔法對抗魔法？下限在哪裡呀？簡直恐怖份子」、「真的很丟臉」、「納粹叫做魔法對付魔法？歷史課本全部還給老師了嗎？這樣對綠營支持者情何以堪」。
",网红陈柏源爆料战友八炯模仿纳粹煽动群众，引发外界哗然。八炯对此出面道歉，解释是私下和朋友的自嘲玩笑。网红波特王留言为八炯缓颊，称此举为“魔法对付魔法”。不料波特王的言论引爆争议，随即遭到大批网友洗版怒骂。这起事件凸显了反共网红言行界线的争议，持续引发舆论关注。,1小時前
2025-08-04 17:02:32.232054,閩南狼、八炯翻臉！卡神嘆「早在意料中」：只是海嘯退潮開始,https://www.ettoday.net/news/20250804/3008844.htm,https://cdn2.ettoday.net/images/8141/d8141992.jpg,"
▲網紅閩南狼、八炯。（圖／記者湯興漢攝）
記者鄺郁庭／綜合報導
首波大罷免落幕，部分綠營及罷團人士開始「抓戰犯」，在罷免宣傳期間相當活躍的網紅「閩南狼」，就透過影片指控戰友「八炯」，以仿效納粹的方式煽動群眾行動。八炯今（4日）則拍影片道歉，稱自己是在內部反串開玩笑。對此，「卡神」楊蕙如直言2人翻臉「早在意料之中」，只是可憐了台派支持者被操弄利用。
「卡神」楊蕙如在臉書表示，八炯和閩南狼的翻臉早在意料之中，讓她心疼的是「那麼多可憐的、熱血的、單純善良的台派支持者」被操弄利用。她指出，726只是「大海嘯大退潮的開始」，「大家做好準備迎接衝擊了嗎？」感嘆「先知先覺猶寂寞，人間清醒幾多難。」
貼文一出引發討論，就有人疑惑「8/23還沒到，為什麼要選擇在這種時候翻臉？」對此，楊蕙如回覆，「那些人過去怎麼舔共，接下來怎麼看風向倒過來，未來大海嘯就會怎麼再倒回去。」還有人開批，「他們比較像是中共派來分裂台灣的。」楊蕙如則回，「那群曹興誠黑熊幫的越看越像紅熊。」
針對爆料，八炯錄製影片回應，從開始反共以來，至今時常被藍白陣營甚至中共陣營貼上納粹的標籤，這不只有現在，面對這種攻擊，自己也不知道怎麼闢謠了、該如何自證。年中的時候，辦了一場419集會，那時候因為壓力、心情低落，所以私下也會跟朋友自嘲「對啊我就是納粹」，因為反正已經撕不掉這樣的一個標籤。
八炯指出，雖然是朋友、好兄弟底下的開玩笑，但後來在更多其他友人提醒下，知道這個連私下開玩笑、自嘲都不行，所以自己深刻反省，意識到這樣的說法非常不妥。八炯提到，這次罷免失敗，自己也反省很多，外界可能認為激進、分裂，但說實話，參加過這麼多次街頭宣講，看到罷團志工被欺負很不捨。
八炯說，自己只是希望幫自己人說一些話、替他們擋一點風險，大家要罵可以罵他，他可以罵回去。投票前有人提醒過他，或許自己用錯了方式，試圖用自己認為的方式去幫助大家，可能大家認為走得太快、方向是錯的，沒有注意到身後有人跌倒，有時候太想要保護別人，反而傷害到自己或其他人。
最後，八炯強調，但自己會記住這些經驗，學得怎麼樣走得更遠更穩，如果大家認為他的方式太激進，未來會減少一些線下活動，但他依然會繼續跟過去一樣在YouTube 上製作反共影片，保持初衷、至死不變，繼續的遊走海外，拉攏更多、團結更多反共中國人。
",網紅閩南狼指控戰友八炯，在罷免宣傳中以仿效納粹的方式煽動群眾。八炯對此拍影片道歉，稱是因壓力私下玩笑，並承認言行不妥。卡神楊蕙如認為兩人翻臉早有意料之中，並感嘆台派支持者被操弄利用。八炯反省罷免失敗，理解外界批評其方式激進，將從中學習。他表示未來會減少線下活動，但仍將持續製作反共影片並團結海外華人。,1小時前
2025-08-04 17:02:11.529717,以前不太聊天！婆婆「突然變熱情」她納悶　網驚不對勁：很明顯,https://www.ettoday.net/news/20250804/3008872.htm,https://cdn2.ettoday.net/images/3105/3105294.jpg,"
▲婆婆突然對原PO很熱情。（示意圖／CFP）
記者曾筠淇／綜合報導
「為什麼婆婆要跟我這麼親？我跟現任老公沒有生小孩。」一名網友發文表示，婆婆不只她一個媳婦，之前和妯娌住了十年左右，結果後來因為吵架就搬出去住，而這一個月來，婆婆對她態度大轉變，變得非常熱情，這是為什麼？貼文曝光後，引起網友討論。
這名網友在臉書社團「毒姑九賤婆媳討論區」上發文表示，婆婆原本和妯娌住了十年左右，但雙方最近吵架，所以婆婆就搬走、一個人住。這個月以來，婆婆突然對她很熱情，一直找她聊天，但「以前跟另外一個媳婦住在一起，（夫妻倆）去看婆婆，她不怎麼跟我聊天」。
原PO說，她一個禮拜要上6天班，結果有次老公假日去看婆婆，婆婆還問說「怎麼沒帶你老婆來看我？」原PO透露，她是二婚，她跟前夫的小孩並沒有給婆婆帶過，他們也沒有住在一起過，「為什麼婆婆要跟我這麼親？我跟現任老公沒有生小孩」。
結果貼文曝光後，不少網友都認為，「小心她想搬來你們家住，讓你服侍她」、「會不會是想跟你住」、「跟你示好，想跟你們住」、「很明顯是要賴給你了」、「小心有目的」、「跟你親近是在試水溫，看你接受度如何」、「很擺明就是想要跟你打好關係，然後看能不能去你家住」、「就是要你被她綁住，遠離點」。話題引發討論。
","一名網友發文求助，表示婆婆近期態度大轉變，對她異常熱情親近。
她透露婆婆原與另一位妯娌同住十年，但雙方近期吵架後已搬出獨居。
婆婆過去鮮少與她聊天，但現在卻頻找她聊天，甚至催促她探望。
儘管原PO與現任丈夫沒有生小孩，對婆婆突如其來的熱情感到困惑不解。
文章曝光後，許多網友紛紛猜測婆婆此舉是想搬來同住，引發熱烈討論。",1小時前
2025-08-04 17:01:48.909131,天雨路滑27公斤柯基突掰咖　平板推車運送爸調侃「運豬車」,https://pets.ettoday.net/news/3007844,https://cdn2.ettoday.net/images/8337/8337101.jpg,"
實習記者陳安榆／採訪報導
我不是胖，只是有點肉！嘉義市8歲的「王Leo」超級愛吃，目前體重已經達到27.2公斤，近日連續下雨，王Leo出門散步突然走路一拐一拐的，飼主懷疑牠是不是扭到腳，便用平板推車帶牠回家。王Leo實心的身材讓爸爸忍不住發文調侃像一台「運豬車」，壯碩的身材塞滿整台車。
王Leo很親人、愛撒嬌，基本上完全不挑食，什麼都吃。飼主王先生約半年前帶著狗狗從基隆搬到嘉義，基於Leo喜歡人的個性，牠每天都會去家中附近的咖啡廳「被撸」，收穫不少喜愛。這天牠疑似滑倒拐到腳，爸爸嚇壞了趕緊借用店家的推車幫忙將Leo「運」回家。
Leo休息後情形還是不見好轉，王先生便於隔天帶毛孩前往獸醫院檢查，獸醫師表示「其實不是扭傷」，反而是Leo的腳掌角質化才會造成疼痛。事實上，有些狗狗的腳掌墊會有角化過度的症狀，易讓牠們的腳腳皮膚變得乾燥、堅硬和敏感，需要定期清理按摩。本來打算開啟減重計畫的Leo如今腳腳不舒服，只能先暫停，爸爸目前先每天替牠按摩肉墊跟不讓走太多路來舒緩牠的症狀，期望能夠早日康復。
",嘉義8歲狗狗王Leo體重達27.2公斤，近日散步時突然跛腳，飼主擔憂牠扭傷。獸醫檢查後發現，王Leo並非扭傷，而是腳掌角質化造成疼痛。這是狗狗腳掌常見的過度角化症狀，會使皮膚乾燥堅硬且敏感。原本的減重計畫因此暫停，飼主正為牠按摩腳墊並限制活動。期望王Leo能早日康復，緩解腳部不適。,1小時前
2025-08-04 17:01:28.259313,全家推「三麗鷗、史迪奇」中元福箱！7-11人魚漢頓周邊快閃購,https://www.ettoday.net/news/20250804/3008854.htm,https://cdn2.ettoday.net/images/8339/d8339285.jpg,"
▲全家推出「三麗鷗、史迪奇」超萌中元福箱。（圖／業者提供）
記者林育綾／綜合報導
迎接中元普渡採購潮，全家即日起至9月16日，推出三麗鷗、史迪奇造型超萌福箱，還有首度亮相的「迷你全家店舖」寵物福箱，還有實用型家用宮廟福箱，總共12款，最低只要399元起就能輕鬆備齊拜拜用品。
▲全家合作三麗鷗、史迪奇，推出4款設計福箱。（圖／業者提供）
●三麗鷗、史迪奇福箱
全家延續IP熱潮，今年中元普渡檔期合作三麗鷗、史迪奇，把可愛的角色化身萌鬼，推出4款設計福箱，包含「歡樂零食箱」、「家戶需求箱」、「素食平安箱」，每款399元。
每款外型皆有兩種不同圖像設計，內容物則依不同價格帶，提供總價值約500元～1100元的實用商品組合。今年貼心升級素食選項，將去年推出的五辛素福箱，調整為蛋奶素「素食平安箱」，更方便選購。
還有專為毛孩打造的「萌寵可愛箱」599元，融入趣味設計，史迪奇大嘴與頭部，可沿線挖空，化身毛小孩專屬的互動遊戲空間。
想用優惠購入福箱，可使用悠遊卡或全盈支付購買，單筆滿399元立折49元（單筆不累折），各3萬組，數量有限，額滿為止。
★7-11「人魚漢頓」40周年週邊
7-ELEVEN 近來慶祝三麗鷗男團人氣明星「人魚漢頓」40周年，將於8月6日下午3點起，在門市推出周邊快閃購活動！從珍藏公仔、舒壓寢具、家居收納、外出好物，超過30款俏皮周週邊。8月7日下午3點起，再加碼推出「OLAF的慵懶生活」與「SNOOPY 75週年」精品集點送。
▲7-11推出一系列「人魚漢頓」40周年限定款周邊快閃購。（圖／業者提供）
7-11推出一系列「人魚漢頓」40周年限定款周邊，推薦藏家必收款「積木扭蛋機」，內含8顆自定義紙條扭蛋，搭配積木組裝趣味再升級。還有「人魚漢頓紀念大絨毛公仔組」，有35公分高的漢頓、14公分的章魚好友。
而超大尺寸的「造型公仔存錢筒」擺放在哪都超吸睛，另推薦「啪啪圈絨毛手環玩偶」、「絨毛公仔手機背夾+購物袋」，還有夏日必備的1100ml超大容量「冷水壺附絨毛吊飾」，以及採用加厚保溫珍珠棉的「造型保冷袋」，冷飲、便當通通能裝。
▲▼7-11推出一系列「人魚漢頓」40周年限定款周邊快閃購。（圖／業者提供）
家居系列包括人魚漢頓的輕量設計「滑輪購物袋」，還有一組三用的「多功能陶瓷火鍋電烤盤」，內附深鍋、章魚燒烤盤、平板烤盤，家務小幫手則有「滾輪拖把組」跟「按壓式垃圾桶」。
史努比的好夥伴OLAF，也同步推出療癒滿點的生活實用精品，「OLAF雙材質涼被」輕薄透氣、「OLAF床包三件組」採用超細纖維。「五開式摺疊收納箱桌」集結桌面與收納功能於一身，機車族推薦「OLAF 安全帽」、「安全帽造型機車手機架」。
▲▼7-11在8月7日下午3點起，再加碼推出「OLAF的慵懶生活」與「SNOOPY 75週年」精品集點送。。（圖／業者提供）
歡慶SNOOPY 75周年，7-ELEVEN同步推出全系列紀念包袋，黑灰色系設計百搭有型，兼具實用與收藏價值，8月7日下午3點起展開門市快閃購活動，共推出12款包袋，包含後背包、側背包、雙層零錢包、購物袋、手提袋、證件套等多種款式，還有萌度爆表的「史努比造型側背包」與「OLAF造型側背包」，日常通勤、出遊穿搭都能輕鬆駕馭。
",全家便利商店迎接中元普渡，即日起推出三麗鷗、史迪奇等多款超萌造型福箱，最低399元起。福箱種類包含零食、家戶用品、素食及首次亮相的寵物福箱，並提供悠遊卡或全盈支付折扣。7-ELEVEN則於8月6日起，歡慶「人魚漢頓」40週年，推出逾30款限量周邊商品。此外，8月7日起再加碼推出「OLAF的慵懶生活」與「SNOOPY 75週年」精品集點活動。兩大超商皆結合熱門IP，提供豐富多元的商品選擇，滿足消費者不同需求。,1小時前
2025-08-04 17:01:06.684532,歷史學家許倬雲過世　享耆壽95歲,https://www.ettoday.net/news/20250804/3008881.htm,https://cdn2.ettoday.net/images/7704/7704154.jpg,"
生活中心／台北報導
美國匹茲堡大學榮休校聘講座教授、中研院院士許倬雲，今日傳出他在美國過世，享耆壽95歲。
許倬雲為美國匹茲堡大學榮休校聘講座教授、中研院院士，第6屆唐獎漢學獎得主於。他1949年隨父親來台，在台大歷史系取得學士和碩士，留學返國後曾任職台大和中研院，是唐獎頒發6屆以來，首位嚴格定義下台灣出身的得主。
許倬雲獲獎時，唐獎基金會表彰他對周秦漢時期的專題研究提出獨到見解，達到「史識」高度，形成一種融會貫通的大歷史解釋，且治學功夫體現於《西周史》對親緣社會華夏意識的詮釋，《求古編》對文官制度的探討，以及《漢代農業》對精耕細作與市場經濟的分析，而這些命題即是他所謂的中國文化「三原色」。
交通部前部長葉匡時也在其臉書哀悼。他表示，1983年到卡內基美崙念博士時認識當時在匹茲堡大學任教的許倬雲，當時許倬雲名滿天下，仍對來自台灣及大陸的學生十分關心。
葉匡時說，他也常向許倬雲請益，許倬雲視野恢宏，看問題非常宏觀，做人處事都不同凡響，是典型的傳統中國知識人，也是創辦蔣經國基金會的重要推手。
葉匡時透露，去年許倬雲榮獲唐奬，將5000萬奬金全數捐給蔣經國基金會，慷慨氣魄，令人感佩，「許公可說是立德立言立功三不朽。哲人日已遠，典型在夙昔。」
",中研院院士、匹茲堡大學榮休教授許倬雲在美國過世，享耆壽95歲。他曾任台大歷史系教授，是第六屆唐獎漢學獎得主，對中國歷史研究貢獻卓著。前交通部長葉匡時發文哀悼，稱許倬雲視野宏觀且關心學子。許倬雲去年榮獲唐獎後，將五千萬獎金全數捐贈給蔣經國基金會。他的立德、立言、立功氣魄令人感佩，被譽為三不朽的哲人。,1小時前
2025-08-04 17:00:47.273694,法律碩士加投資LINE群「被詐騙2300萬」崩潰！1話術讓她卸下心防,https://www.ettoday.net/news/20250804/3008873.htm,https://cdn2.ettoday.net/images/7534/d7534698.jpg,"
記者施怡妏／綜合報導
近年詐騙猖獗，手法日新月異，知名作家黃大米分享《商業周刊》的封面故事，一名擁有政大EMBA與法律碩士學歷、並持有國際反洗錢師執照的李姓女士，於銀行服務超過30年，卻仍難逃詐騙集團設局，最終慘賠逾3200萬元，原本無憂無慮的退休生活因此陷入低谷。
黃大米在粉專發文，分享《商業周刊》報導的詐騙故事，李小姐是政大EMBA、法律碩士，並在銀行界服務超過三十年，還取得國際反洗錢師執照。沒想到卻遭遇詐騙，損失高達3200萬元，原本的退休無憂生活因此陷入困境，甚至想登出人生。
事情發生在李小姐退休後，某次滑抖音時加入了一個自稱股票分析的LINE群組。群組中的「大師助理」林小姐每天對她噓寒問暖，還提醒她要保護個人資料。李小姐最初只投資小額，陸續獲利5、6萬元，群組裡也不斷有人分享賺錢的對帳單，塑造人人受益的假象。
李小姐因為熱愛狗狗，想協助籌建寵物血庫，詐騙集團於是以「賺更多錢就能做更多善事」為由，鼓動她加碼投資。
李小姐融資了2000萬再投資，看到帳面獲利連連，李小姐想要賣掉，對方卻說要先付現金，於是她抵押房產跟銀行貸款，此時帳面上的獲利已經破億元，最後詐騙集團把李小姐踢出群組，才驚覺自己遭遇詐騙；巨額損失讓她痛苦到一度想結束生命，但想到還有三隻狗需要照顧，才堅強活下來。
黃大米感嘆，希望大家遇到親人被騙時，別再責罵他們笨或傻，因為受害者早已自責萬分，此時更需要家人的鼓勵與陪伴，給予愛與希望，才有機會避免憾事再發生，「錢再賺就有，就算賺不到了，只要還活著，就可以看到不同的可能，務必要保持希望，相信明天會更好的活下去。」
",一名擁有政大EMBA及法律碩士學歷、並持有國際反洗錢師執照的銀行高階主管李姓女士，退休後仍慘遭詐騙。她經由抖音加入假股票投資群組，初期小額獲利，後被誘騙以籌建寵物血庫的名義投入巨額資金。李女甚至融資兩千萬並抵押房產貸款，最終慘賠逾3200萬元，導致原本無憂的退休生活陷入困境。巨額損失讓她一度萌生輕生念頭，幸因家中狗狗才堅強活下來。作家黃大米藉此呼籲，家人應給予詐騙受害者關愛與支持，而非責罵，幫助他們走出陰霾。,1小時前
2025-08-04 17:00:26.415316,遊庫克山將收費！外國人到紐西蘭4大熱點「每人最高707元」,https://travel.ettoday.net/article/3008877.htm,https://cdn2.ettoday.net/images/8339/d8339345.jpg,"
記者彭懷玉／綜合報導
",這段文字揭示了一篇新聞報導的作者身份。該篇報導由記者彭懷玉負責撰寫完成。其內容性質被標註為綜合性報導。這代表了彭懷玉記者提供了一則匯集多方資訊的內容。此為新聞稿件中常見的記者署名標準格式。,1小時前
2025-08-04 17:00:02.230967,小籠包6顆特價10元　漢來上海湯包台北店明天開幕祭優惠,https://travel.ettoday.net/article/3008882.htm,https://cdn2.ettoday.net/images/8339/d8339331.jpg,"
▲漢來上海湯包台北Dream Plaza明天正式開幕。（圖／記者黃士原攝）
記者黃士原／台北報導
漢來美食餐飲集團旗下中式餐飲品牌「漢來上海湯包」，終於在台北市展店，進駐新開幕的「DREAM PLAZA」，經過多日試營運後，明天正式開幕，當天也祭出優惠活動，「招牌小籠湯包」每籠僅需10元（原價130元），中午與晚餐各限量30籠。
漢來上海湯包自1995年創立於高雄漢來大飯店，已於高雄、台南、台中、桃園、新竹等地設有多家分店，明天正式開幕的台北Dream Plaza店，則是台北首店，坪數近90坪，設有92席內用座位。
▲炸排骨與蛋炒飯。（圖／記者黃士原攝）
漢來上海湯包以18摺手工廚藝打造的招牌小籠湯包為核心，師傅將一顆顆約6公克的麵糰手擀至薄可透光，餡料則使用溫體豬前腿肉和梅花豬肉。另一道招牌則是上海生煎湯包，使用燙麵揉出有嚼勁的麵皮，餡料中更加入蔥花增加香氣，煎至金黃後灑上蔥花跟黑芝麻。
▲口水雞。（圖／記者黃士原攝）
▲紅油抄手。（圖／記者黃士原攝）
除了湯包，餐廳也提供融合川、滬經典點心與精緻中式小炒，包括口水雞、蔥油乾拌麵、炸排骨與蛋炒飯等人氣料理。排骨炒飯選用厚切豬排炸至外酥內嫩，鹹香多汁的滋味，是許多老饕每次來訪必點的招牌。
漢來上海湯包台北Dream Plaza店經過多日試營運，明天正式開幕，同時也祭出限時限量優惠活動，招牌小籠湯包每籠只要10元（6顆原價130元），中午與晚餐各限量30籠。
▲丸亀製麵「湯烏龍麵」。（圖／丸亀製麵提供）
另外，丸亀製麵8月31日前推出「天丼送湯」活動，凡點購天丼，即免費贈送海帶芽湯一碗（可續）。同時歡慶父親節，8月8日當天加碼優惠，凡親子一同來店內用餐並點購一碗天丼，即加贈中碗湯烏龍麵（價值74元），每人限換購乙次，優惠數量有限、送完為止。
","漢來上海湯包台北Dream Plaza店將於明日盛大開幕，這是該品牌在台北的首間分店。
開幕當天祭出招牌小籠湯包每籠僅10元超值優惠，午、晚餐各限量30籠。
該店主打18摺手工小籠湯包與上海生煎湯包，並提供多款川滬點心及中式小炒。
另外，丸亀製麵同步推出天丼送海帶芽湯活動至八月底。
父親節當天，親子一同用餐點購天丼，更加碼贈送中碗湯烏龍麵。",1小時前
2025-08-04 16:59:40.665963,30歲就焦慮中年危機！心態從懷舊到倦怠「社群壓力」成幫兇,https://www.ettoday.net/news/20250804/3008722.htm,https://cdn2.ettoday.net/images/8339/8339352.jpg,"
▲中年危機就藏在你每天滑社群、羨慕別人、懷疑自己的瞬間。（圖／取自免費圖庫pexels）
記者張芳瑜／綜合報導
過去的中年危機比較簡單，也比較「買得起」
以前，嬰兒潮世代的中年危機，往往透過一筆明顯的大花費來宣洩，比如買一台跑車，或是大膽換個新髮型。無論是哪種形式，當時的中年轉變相對單純可控，甚至有點浪漫。
千禧世代的中年危機：想放縱，卻沒本錢
而如今，在高房價、高物價、高壓力的現實底下，這樣的「放縱式」中年危機越來越難得一見。根據調查，有超過81%的千禧世代坦言，他們根本無力負擔傳統意義上的中年危機。危機依舊存在，只是形式悄悄轉變了。
每個人的危機都不同，但焦慮與遺憾是共同語言
其實，要給「中年危機」下個標準定義並不容易，連心理專家都常搖頭。因為每個人面臨的情境與壓力源都不同。有些人是健康開始亮紅燈，有些人則是在婚姻或親子關係中跌跌撞撞，還有人是在孩子日漸獨立後，突然迷失了自己的角色定位。雖然原因多元，但核心通常繞不開「後悔」與「變化」。
突然變得愛回想，是心裡開始動搖的徵兆
回憶總是帶著濾鏡，而這種懷舊的傾向，常被視為中年危機的經典徵兆。你可能會懷念年輕時更瘦的自己、當年還敢做夢的自己。與其一味沉浸在過去，不如練習感謝那段歲月，並將這份感謝轉化為行動的能量，為接下來的人生創造更多溫暖的記憶。
社群焦慮蔓延：你不是羨慕朋友，是在懷疑自己
另一個現代中年危機的特徵，是「羨慕他人」變得更加容易。當你對自己的成就感到不滿時，社群媒體就像一面放大鏡，你看著別人的光鮮亮麗、環遊世界、事業有成，越看越覺得自己停滯不前。而與過去世代可能將危機情緒投射在婚外情不同，今天的我們更容易將注意力投注在他人的生活表象裡，進而質疑自己的價值。
衝動的背後，其實是對「來不及」的恐慌
當你訂下突如其來的出國機票、報名一門新課、甚至創業，其實往往不是因為你真的準備好了，而是因為心裡有個聲音在說：「我是不是錯過了什麼？」這種想證明「我還來得及」的心理，正是中年危機的一種樣貌。想要活得像電影《享受吧！一個人的旅行》中的主角，無可厚非，但別忘了你真正想要的是什麼。
一成不變的日常，是最沉默的失落
有時候，中年危機不會以戲劇化的形式出現，而是以一種極度平淡的方式滲透生活。你按部就班上班、吃飯、睡覺，外表沒變，內心卻早已沒有目標。你依然完成該做的事，卻找不到動力去做更多。這正是提醒你該「暫停一下」的信號，找個時間靜下來，好好問問自己：我真正重視的是什麼？我想過怎樣的人生？
擺脫低潮的關鍵：換個心態，生活才會鬆動
每個人的中年危機都不一樣，可能是對生活失望、對自己沒信心，也可能只是單純累了。但共通點是：它不是終點，而是轉彎的起點。調整心態、練習感恩、照顧好自己，都是讓人生再次開花的關鍵。要記得幸福，不是偶然，而是一門可以練習的科學。
","現代中年危機已非昔日簡單的物質宣洩，而是千禧世代在高壓環境下更深層的內心掙扎。
它主要體現在對自我的懷疑、社群媒體比較帶來的焦慮，以及對錯失人生的恐慌。
人們常回顧過去，或因「來不及」的心情而衝動行事，甚至在平淡日常中感到目標喪失。
這份危機源於對自我價值和人生方向的困惑，以及「未夠好」或「太遲」的深層擔憂。
然而，中年危機並非終點，而是轉變的契機，鼓勵人們調整心態、感恩生活並好好照顧自己。",59分鐘前
2025-08-04 16:58:40.222314,西南氣流累積雨量直逼莫拉克　38年首次連7天雨量超過200毫米,https://www.ettoday.net/news/20250804/3008849.htm,https://cdn2.ettoday.net/images/8339/d8339309.jpg,"
▲中央氣象署氣象預報中心主任陳怡良。（圖／記者周湘芸攝）
記者周湘芸／台北報導
西南氣流影響，中南部7月28日起連續7天降下劇烈雨勢，累積雨量直逼莫拉克颱風紀錄。中央氣象署表示，此次有影響時間長、涵蓋範圍廣、雨勢較強的特性，是相當罕見的情況，也是1988年以來首次連續7天最大日雨量超過200毫米，對很多地方都難以承受。
▲西南氣流影響期間，天天有豪雨以上等級降雨。（圖／氣象署提供）
中央氣象署氣象預報中心主任陳怡良指出，這波西南氣流7月28日起影響台灣，主軸在巴士海峽，隨著強度及位置變化，每天對台灣影響都不太一樣，像是7月30、31日影響範圍涵蓋整個中南部，達到極端累積雨量，有些時候又縮小範圍，但中南部仍有顯著雨勢。
▲西南氣流影響期間，有3縣市總雨量達到2000毫米以上。（圖／氣象署提供）
陳怡良表示，這次西南氣流主要有2波高峰，且連續7天每天都有豪雨等級以上降雨，有影響時間長、涵蓋範圍廣、雨勢強特性，期間伴隨短時強降雨，是相當罕見的情況。
他指出，西南氣流影響期間，出現38年來首次連續7天最大日雨量達到200毫米，且有6天時雨量達到100毫米以上，這個程度對很多地方都難以承受，時雨量最高是在嘉義太保達123毫米。
他也說，此次西南氣流影響期間，共有17鄉鎮達到超大豪雨等級，包括南投、雲林、嘉義、高雄及屏東，並發布181次大雷雨即時訊息；至於長延時強降雨則出現在40個鄉鎮、短延時強降雨出現在15個鄉鎮。
▲西南氣流帶來的雨勢直逼莫拉克颱風等級。（圖／氣象署提供）
陳怡良指出，截至今天到下午3時，高雄山區累積雨量已超過2870毫米，南高屏都有超過2000毫米，與過去的歷史極端降雨個案相比，直逼2009年莫拉克颱風等級，至於去年凱米影響時間短，累積雨量則沒這麼多。
他表示，此次西南氣流影響期間，共發布181次大雷雨即時訊息，其中有50次有發送易致災降雨的細胞廣播。此外，過去平均一年會有3.5天出現短延時大豪雨，過去7天就有5天達標。
陳怡良指出，此次嘉義以南持續性有長延時強降雨，台中以南也不時有強對流移入，總計有3縣市總雨量達2000毫米；過去7天有5天出現短延時大豪雨，最明顯在屏東口社，3小時累積雨量來到284毫米。
▲西南氣流影響鄉鎮分布。（圖／氣象署提供）
","中央氣象署指出，近期西南氣流連續七天影響中南部，帶來罕見的劇烈降雨。
此次降雨特性為影響時間長、範圍廣且雨勢強勁，為1988年以來首次連續七天日雨量超過200毫米。
高屏地區多處累積雨量已突破2000毫米，其中高雄山區更超過2870毫米，雨量直逼莫拉克颱風等級。
期間多達17個鄉鎮達到超大豪雨等級，並發布181次大雷雨即時訊息。
氣象署強調，如此長時間且強勁的降雨對許多地方都構成難以承受的衝擊。",50分鐘前
2025-08-04 16:58:34.631266,快訊／16:09嘉義發生規模3地震　「4縣市有感」最大震度2級,https://www.ettoday.net/news/20250804/3008903.htm,https://cdn2.ettoday.net/images/8339/e8339389.jpg,"
▲中央氣象署發布最新地震報告。（圖／氣象署提供）
生活中心／綜合報導
地牛翻身！根據中央氣象署地震測報中心資料，今天下午4時09分嘉義縣太保市發生芮氏規模3的小區域地震，震央在嘉義縣政府東北東方7.5公里處，深度8.5公里，屬於極淺層地震。
氣象署指出，這起地震觀測到最大震度為2級，出現在嘉義縣太保市。
根據氣象署測報資料，震度2級地區為嘉義縣，震度1級地區為嘉義市、雲林縣、台南市。
資料來源：氣象署
","中央氣象署指出，嘉義縣太保市今天下午4時09分發生一起地震。
這起地震芮氏規模為3，震央位於嘉義縣政府東北東方7.5公里處。
地震深度僅8.5公里，屬於極淺層地震。
觀測到最大震度為2級，出現在嘉義縣太保市。
嘉義市、雲林縣與台南市等地區則觀測到1級震度。",41分鐘前
2025-08-04 16:58:28.979785,連日豪雨「4路段仍中斷」　台20線南化段預計今晚9時搶通,https://www.ettoday.net/news/20250804/3008907.htm,https://cdn2.ettoday.net/images/8339/d8339423.jpg,"
記者周湘芸／台北報導
西南氣流影響，中南部連日出現劇烈雨勢，交通部公路局截至今天下午統計，仍有9處預警性封閉路段、2處道路災阻路段、2處道路災情，其中，台南市台20線南化路段土石流，預計於今天晚間9時排除；嘉義縣台1線水上路段路面下陷，預計於明天上午10時排除。
連日豪雨衝擊，台南市南化區台20線南化路段土石流，封閉雙向車道，預計於今天晚間9時排除；高雄市那瑪夏區台29線三明火路段受楠梓仙溪河水攻擊影響，造成路基沉陷長度約500公尺，實施道路封閉管制，視天候及道路實際狀況滾動檢討開放時間。
另外，嘉義縣水上鄉台1線水上路段路面下陷，目前封閉南下車道，預計於明天上午10時排除；高雄市六龜區台27線大津路段南下車道路基缺口，北上車道單線雙向通行，將視天候及道路實際狀況滾動檢討開放時間。
預警性封閉路段：9處
道路災阻路段：2處
道路災情：2處
",西南氣流持續影響，中南部地區因劇烈雨勢導致多處道路受損或預警性封閉。交通部公路局統計，目前全台有9處預警性封閉路段、2處道路災阻及2處道路災情。其中，台南台20線南化路段因土石流雙向封閉，預計今晚9時搶通。嘉義台1線水上路段路面下陷，南下車道封閉，預計明日上午10時排除。高雄台29線那瑪夏路段及台27線大津路段則因路基受損，持續實施管制或單線雙向通行。,30分鐘前
2025-08-04 16:58:23.553500,涉詐「二審求緩刑」狂拜GPT！答案驚呆　律師嘆：付費也一樣,https://www.ettoday.net/news/20250804/3008826.htm,https://cdn2.ettoday.net/images/3466/d3466153.jpg,"
▲示意圖，與本文無關。（圖／取自免費圖庫Pixabay）
記者周亭瑋／綜合報導
AI早已深入大眾的日常生活中，現在連打官司都有人想靠ChatGPT。「巴毛律師」陳宇安今表示，有被告涉嫌詐騙，二審想求緩刑，但他並沒有請律師，而是不斷和ChatGPT討論策略，而GPT給出的答案也讓她傻眼，於是發文透露真實情況。
陳宇安在「巴毛律師混酥團」提到，昨天在Thread上看到有人涉嫌詐騙，一審判1年10個月，現在二審被告想求緩刑，但並沒有找律師，其訴訟策略是跟ChatGPT討論出來的，「GPT建議他找網友聯署，說他是好人、對社會有幫助......。」
這案例讓她不以為然，透露自己也曾遇過，前來諮詢的人拿ChatGPT給的建議詢問，當她講的內容不同時，對方甚至比較相信ChatGPT。
最後，陳宇安直言，「我自己試過問ChatGPT法律問題，他會回答得頭頭是道，但仔細看很多內容根本是錯的，甚至會自己捏造不存在的法條跟判決。拜託有法律問題還是諮詢律師，就算你的ChatGPT有付費也一樣。」
",一位律師發現有被告利用ChatGPT來擬定訴訟策略。這名詐騙被告一審判刑後，二審欲尋求緩刑卻未聘請律師。ChatGPT建議被告找網友連署證明其品行良好。律師指出，ChatGPT的法律回答看似有理，實則常有錯誤甚至捏造法條。她呼籲大眾有法律問題務必諮詢專業律師，而非依賴AI。,30分鐘前
2025-08-04 16:58:18.712394,熱褲女坐飛機「下身刺癢」崩潰！求醫結果震驚：千萬不要穿短褲,https://www.ettoday.net/news/20250804/3008388.htm,https://cdn2.ettoday.net/images/3967/d3967867.jpg,"
▲妹子穿超短褲搭飛機時，沒想到飛機起飛不久她就感到大腿後側「刺刺癢癢」，下機後趕忙看皮膚科醫生，檢查結果令她震驚。（示意圖／取自Pixabay）
文／CTWANT
日前，有女網友發文稱，自己此前穿著超短熱褲乘搭飛機，沒想到飛機起飛不久，她就感到大腿後側「刺刺癢癢」，忍不住撓個不停，下機後連忙看皮膚科醫生，檢查結果令她震驚，直呼「坐飛機千萬不要穿短褲！」
「坐飛機那趟，根本是老天爺給我的震撼教育！」有生活知識網專分享網友貼文，有女網友表示，由於那天高雄天氣炎熱達30幾度，她穿著超短牛仔褲與夾腳拖就登機，想說「冷氣開這麼強，露個腿多舒服」，誰知道飛機起飛不久，就感覺到大腿後側開始「刺刺癢癢」、「像被撒了跳跳糖」，讓她坐立難安，忍不住瘋狂撓腿，「隔壁座阿姨看我狂抓腿，默默離我坐遠了些，那瞬間真的想鑽進逃生艙……」。
這名發文網友指出，下機後她連忙到皮膚科求診，治療塵蟎造成的過敏，還表示：「現在我隨身包裏永遠塞着輕薄長褲，要聽姊姊血淚史的，下次登機前千萬別鐵齒啊！」
貼文一出，網友紛紛分享經歷及解決方法，「椅子布面一定含有塵蟎，曾經遭遇經驗，癢受不了」、「要先自行消毒殺菌才能穿短褲」。也有網友認為不用過度恐慌，「如果這樣有事，坐客運不是也有事，去看電影也有事」。
不過有網友質疑事件真偽，翻查資料，這段女生經歷曾於不同Facebook旅遊專頁發布，最早於4月已流傳。
其實，過去已有多名空中服務員於網上發影片或文章，指出搭機時不建議的6種NG穿著，其中第1項就是這名苦主穿的超短褲、裙。以下為空服員們列出的清單：
1、超短褲、裙。
抖音網紅空服員西馬托 （Tommy Cimato）曾在短影片中警告，飛機座艙的沙發座椅，並不一定會每趟航程隨時清潔，因此如果乘客穿著超短褲、超短裙，就有可能引發感染細菌，反之，如果穿長褲、裙子，就比較沒有這種困擾。
2、緊身衣。
空服員費屈巴赫（Andrea Fischbach）指出，在長途飛航中最好保持血液流通，在座位上留一點可以肢體活動的空間，因此在飛機上最好不要穿緊身衣，任何對皮膚產生重壓的衣物都可能導致抽筋、腫脹，嚴重的話可能會引起疼痛。尤其是是身材高大或乘坐長途飛行的人特別要注意，因為導致深層靜脈栓塞的風險大增。
3、高跟鞋。
空服員指出，不建議在飛機上穿著高跟鞋是出於安全考量，因為萬一緊急疏散并且使用滑梯的時候，乘客必須額外高跟鞋脫掉，否則有可能刺穿滑梯。另外，穿著高跟鞋在飛航中隨即可能起伏的機艙內也并不實用。
4、瑜伽褲。
航空專家內格羅尼（Christine Negroni）曾透露，飛機機艙意外著火，乘客身上的瑜珈褲可能帶來嚴重安全隱憂，因為瑜珈褲往往使用「人造纖維」編織，在發生火災時更容易燃燒、黏著在肌膚表面。就算順利逃離機艙，在地面附近也可能有火焰威脅。
5、夾腳拖。
航空分析師夏沃（Mary Schiavo）曾指出，在旅行的時候盡量避免穿夾腳拖，在飛機上最好穿著合適、舒服的鞋子。因為如果穿著夾腳拖遇上必須跑動的形況，不僅容易摔倒或是跑不快，還有可能因為脫落導致他人收到意外傷害。
",一名女子搭機穿短褲導致大腿嚴重發癢，就醫後確診為塵蟎過敏，她因此呼籲搭飛機勿穿短褲。該事件凸顯了飛機座椅可能不潔，易造成肌膚感染或過敏的問題。事實上，多位空服員曾提出搭機不建議的六種穿著，超短褲裙便是其中之一。其他NG穿著包括緊身衣、高跟鞋、瑜伽褲和夾腳拖，這些皆因安全或舒適度考量而不建議。專家建議搭機時應選擇舒適且能保護皮膚的服裝，以確保衛生與安全。,28分鐘前
2025-08-04 16:58:12.948284,爸爸憂鬱影響下一代　研究： 對孩子社交、行為有負面影響,https://health.ettoday.net/news/3008917,https://cdn2.ettoday.net/images/8016/d8016802.jpg,"
▲研究指出，爸爸憂鬱對孩子社交、行為有負面影響。（示意圖／達志影像）
記者趙于婷／台北報導
台灣社會對於男性表達脆弱與尋求協助存有傳統觀念，使男性較不傾向承認自己受情緒困擾，甚至未尋求協助，但小心可能影響到下一代。《美國預防醫學期刊》研究指出，父親若罹患憂鬱症卻未獲診斷或治療，對孩子的社交和行為的負面影響可能持續數年。
該研究由美國羅格斯大學的學者進行，採用「家庭未來與兒童福祉研究（FFCWS）」資料進行分析，此研究自1998至2000年間，隨機抽樣20個大城市的出生人口，並持續追蹤至今。
研究對象為1,422名父親及其子女，在孩子年滿五歲時，對父親是否在過去一年內出現憂鬱症狀進行篩檢，九歲時，由其教師填寫一份行為與社交能力評估問卷。結果發現，父親若曾表現出悲傷、憂鬱或沮喪等症狀，孩子在四年後更可能出現焦躁、反抗、憤怒等行為，且合作性與自尊心都較低。
台灣師範大學教育心理與輔導學系兼任教授林家興表示，成年人罹患憂鬱症具有性別差異，男性較常出現煩躁、不輕易哭泣、食慾及睡眠減少等憂鬱症狀，傾向壓抑情緒，若無法承受，可能轉向尋求喝酒、抽菸或物質濫用等方式。
上述研究者提出，憂鬱症可能導致父親的親職能力下降、對子女的情緒支持減少，增加家庭衝突與生活壓力。他提醒，為人父母是件辛苦的責任，若出現過度憂鬱或焦慮等情緒困擾，應及早尋求專業的協助，有助於情緒調節與觀點轉換，也能學習更好的自我照顧與家庭支持方式。
如身邊的伴侶或家人有情緒問題，建議以不評價的態度傾聽，鼓勵就醫。林家興說，截至今年5月的統計，台灣已有503家心理諮商與治療所，和638家精神科醫療院所，心理資源可近性大幅提升，尋求協助已逐漸成為生活中的常態。
董氏基金會心理衛生中心主任葉雅馨說明，上述研究者成功描繪出父親憂鬱與孩子行為之間的明確關聯，若能及早發現並介入，不僅有助於父親的心理健康，也能提升孩子的整體幸福感，因此當發現伴侶有憂鬱傾向時，應積極介入並尋求協助。
",研究指出，父親若罹患憂鬱症且未獲診斷或治療，可能對孩子的社交和行為發展產生長期負面影響。一項美國研究追蹤發現，憂鬱父親的孩子在數年後更易出現焦躁、反抗等行為，且合作性與自尊心較低。台灣男性常壓抑情緒，憂鬱時可能轉向不健康的行為，進而影響親職能力與家庭關係。專家呼籲，為人父母若出現情緒困擾應及早尋求專業協助，有助於調節情緒與觀點轉換。及早介入父親的憂鬱症狀，不僅有助於其心理健康，也能提升孩子的整體幸福感。,21分鐘前
2025-08-04 16:58:07.713780,獲15席理事全數支持　楊孟凡當選高雄區漁會總幹事,https://www.ettoday.net/news/20250804/3008914.htm,https://cdn2.ettoday.net/images/8339/d8339441.jpg,"
▲高雄區漁會總幹事選舉結果出爐！楊孟凡陞任。（圖／記者賴文萱翻攝）
記者賴文萱／高雄報導
高雄區漁會今（4）日召開臨時理事會，選前競爭激烈，總共有三組人馬登記參選，最終楊孟凡整合成功，獲得15席理事全數的支持，當選高雄區漁會總幹事，接掌全國最大漁港。
高雄區漁會手握龐大資源，年產值近400億元，擁有全國最完整的產業供應鏈，更是所有選舉候選人爭取支持的重要團體。此次共三組人馬登記參選，原競爭激烈，選舉結果出乎意外，楊孟凡成功整合各派系勢力，囊括了所有票數，獲得所有理事一致支持。
▲楊孟凡陞任高雄區漁會總幹事，掌全國最大漁港。（圖／記者賴文萱翻攝）
楊孟凡今年剛滿40歲，學經歷豐富，就讀成大海洋事務研究所博士班，曾任高市府市長室專委，擔任議會總聯絡人期間，處事圓融、善於協調，藍綠人緣極佳，近幾年推動市政順利，府會和諧絕對是幕後重要推手之一。
楊表示，感謝理事會團結的支持，這一刻是進步的開始，更感謝政府資源投入，前鎮漁港是國際級漁港，必須與世界接軌，積極面對挑戰包含氣候變遷、勞工人權、海洋資源減少以及國際情勢變化等。
未來高雄區漁會是與國家政府坐在同艘船上逆風前進的夥伴，一起努力奠定我國遠洋漁業百年歷程。
","楊孟凡成功當選高雄區漁會總幹事。
他獲得全數十五席理事支持，接掌全國最大漁港。
高雄區漁會手握龐大資源，年產值近四百億元。
年僅四十歲的楊孟凡學經歷豐富，並善於整合協調。
未來他將與政府攜手，共同面對挑戰並推動遠洋漁業發展。",20分鐘前
2025-08-04 16:58:00.045933,餐廳收10%服務費「水還要自己倒」　他傻眼：寧願直接漲價,https://www.ettoday.net/news/20250804/3008897.htm,https://cdn2.ettoday.net/images/7461/d7461556.jpg,"
記者施怡妏／綜合報導
台灣不少餐廳會加收10%服務費，不過有些店家是採自助式的，卻收10%服務費，一名網友表示，多數餐廳僅提供倒水等基本服務，卻額外收取服務費，甚至有些店家的水還要自己倒，「比歐美小費文化還難理解」，寧願店家直接將10％費用計入餐點價格中，貼文掀起討論。
有網友在Dcard發文，「台灣餐廳的服務費太猖狂了吧」，以往高價西餐或自助餐才會收服務費，店員通常受過專業訓練，消費者也較能接受。但現在只要人均消費超過300元的餐廳，幾乎都會加收服務費，不管餐廳型態為何，大多只協助倒水，甚至有些還要顧客自助取水，讓他不禁疑惑「到底在收什麼意思？」
此外，部分店家將服務費改稱為「清潔費」，但原PO認為，維持環境整潔本來就是餐廳人員的基本職責，「怎麼會獨立成一個名目跟消費者收錢？」寧願店家直接把10%服務費的錢算進餐點內，「寫個10%服務費，卻只是幫忙送餐真的很詭異。」
他也提到，雖然歐美流行小費制，但那筆錢通常直接給服務生，反觀亞洲地區，如日、韓則不常見服務費，服務可能還更優質，「台灣到底是哪時候起這種歪風的？」
貼文曝光，許多網友有感，「還有手機掃碼點餐的也敢收」、「我從以前就一直覺得加收10%服務費不合理，不合理的原因主要是，這服務費是進老闆口袋」、「說到底，服務費其實就是因為店家漲價會被出征，但是不漲又壓縮利潤，為了讓價錢看起來漂亮一點而生的東西」、「最好笑的是現在一堆座位沒有服務鈴，線上點餐也沒有服務鈕，服務生一小時叫不到幾次」。
有網友點出「服務費」的背後原因，「我記得設服務費是為了避稅，所以政府應該立法將服務費算進成本中，讓老闆避稅噴出來」、「你如果有仔細看發票列項方式，服務費是另外放一格，因為服務費部分，是不需要繳稅金的」。
","台灣許多餐廳普遍加收10%服務費，引發民眾質疑其合理性。
有網友抱怨部分店家服務簡陋或採自助式，甚至手機點餐，卻仍被收取服務費。
民眾不解為何不直接將費用計入餐點，認為此收費方式比歐美小費文化更難理解。
部分店家將服務費改稱清潔費，而有網友則指出這筆費用恐為業者避稅工具。
此現象被視為台灣餐飲界的「歪風」，多數消費者認為收費與實際服務不符。",16分鐘前
